Start state index,Action index,Finish state index,Probability for Triple,Reward for Triple
0, 0, 1,1.0,100.0
1, 1, 2,1.0,100.0
2, 2, 3,1.0,100.0
3, 3, 4,1.0,100.0
4, 4, 5,1.0,100.0
5, 5, 6,1.0,100.0
6, 6, 7,1.0,100.0
7, 4, 8,1.0,100.0
8, 7, 8,0.5,100.0
8, 7, 9,0.5,100.0
9, 8, 10,1.0,100.0
10, 4, 11,1.0,100.0
11, 7, 12,1.0,100.0
12, 8, 13,1.0,100.0
13, 7, 14,1.0,100.0
14, 9, 14,1.0,50.0
14, 10, 15,1.0,50.0
15, 10, 15,0.6666666666666666,100.0
15, 10, 16,0.3333333333333333,100.0
16, 11, 16,0.8,41.66666666666667
16, 10, 16,0.5714285714285714,58.333333333333336
16, 10, 17,0.42857142857142855,58.333333333333336
17, 9, 17,0.75,22.22222222222222
17, 10, 17,0.7857142857142857,77.77777777777779
17, 10, 16,0.21428571428571427,77.77777777777779
16, 11, 17,0.2,41.66666666666667
17, 9, 16,0.25,22.22222222222222
18, 0, 19,1.0,100.0
19, 12, 20,1.0,100.0
20, 13, 21,1.0,100.0
21, 14, 22,1.0,100.0
22, 15, 23,1.0,100.0
23, 16, 24,1.0,100.0
24, 17, 24,1.0,50.0
24, 18, 25,1.0,50.0
25, 19, 26,1.0,100.0
26, 20, 27,1.0,100.0
27, 20, 28,1.0,100.0
28, 20, 28,1.0,50.0
28, 21, 29,1.0,50.0
29, 22, 30,1.0,100.0
30, 23, 31,1.0,100.0
31, 23, 32,1.0,100.0
32, 21, 33,1.0,100.0
33, 24, 33,1.0,50.0
33, 25, 34,1.0,50.0
34, 25, 35,1.0,100.0
35, 26, 36,1.0,100.0
36, 25, 36,1.0,3.4482758620689653
36, 27, 36,1.0,96.55172413793103
37, 0, 38,1.0,100.0
38, 28, 39,1.0,100.0
39, 29, 40,1.0,100.0
40, 30, 41,1.0,100.0
41, 31, 42,1.0,100.0
42, 32, 43,1.0,100.0
43, 33, 44,1.0,100.0
44, 34, 45,1.0,100.0
45, 35, 46,1.0,100.0
46, 36, 47,1.0,100.0
47, 37, 48,1.0,100.0
48, 38, 49,1.0,100.0
49, 38, 50,1.0,100.0
50, 38, 51,1.0,100.0
51, 38, 51,1.0,50.0
51, 39, 52,1.0,50.0
52, 39, 53,1.0,100.0
53, 39, 54,1.0,100.0
54, 39, 55,1.0,100.0
55, 39, 55,0.75,100.0
55, 39, 56,0.25,100.0
56, 39, 57,1.0,100.0
57, 39, 58,1.0,100.0
58, 40, 58,1.0,4.0
58, 41, 58,1.0,16.0
58, 42, 58,1.0,16.0
58, 43, 58,1.0,32.0
58, 44, 58,1.0,16.0
58, 45, 58,1.0,16.0
59, 0, 60,1.0,100.0
60, 46, 61,1.0,100.0
61, 47, 62,1.0,100.0
62, 48, 63,1.0,100.0
63, 49, 64,1.0,100.0
64, 50, 65,1.0,100.0
65, 51, 66,1.0,100.0
66, 52, 67,1.0,100.0
67, 53, 68,1.0,100.0
68, 51, 69,1.0,100.0
69, 54, 70,1.0,100.0
70, 47, 71,1.0,100.0
71, 47, 72,1.0,100.0
72, 54, 73,1.0,100.0
74, 0, 75,1.0,100.0
75, 55, 76,1.0,100.0
76, 56, 77,1.0,100.0
77, 57, 78,1.0,100.0
78, 58, 79,1.0,100.0
79, 58, 80,1.0,100.0
80, 59, 81,1.0,100.0
81, 60, 82,1.0,100.0
82, 60, 83,1.0,100.0
83, 61, 84,1.0,50.0
84, 62, 83,1.0,100.0
83, 62, 85,1.0,50.0
85, 62, 86,0.3333333333333333,100.0
86, 62, 85,1.0,100.0
85, 62, 85,0.3333333333333333,100.0
85, 62, 87,0.3333333333333333,100.0
87, 62, 88,1.0,100.0
88, 62, 89,1.0,100.0
89, 62, 90,1.0,100.0
90, 62, 90,1.0,8.333333333333332
90, 27, 90,0.8181818181818182,91.66666666666666
90, 27, 91,0.18181818181818182,91.66666666666666
91, 27, 91,0.9473684210526315,100.0
91, 27, 90,0.05263157894736842,100.0
92, 0, 93,1.0,100.0
93, 63, 94,1.0,100.0
94, 64, 95,1.0,100.0
95, 65, 96,1.0,100.0
96, 66, 96,1.0,50.0
96, 67, 97,1.0,50.0
97, 68, 97,1.0,50.0
97, 69, 98,1.0,50.0
98, 70, 98,0.8666666666666667,65.21739130434783
98, 70, 99,0.13333333333333333,65.21739130434783
99, 70, 98,1.0,100.0
98, 68, 99,0.25,34.78260869565217
98, 68, 98,0.625,34.78260869565217
98, 68, 100,0.125,34.78260869565217
100, 70, 100,1.0,50.0
100, 68, 101,1.0,50.0
101, 70, 102,1.0,100.0
102, 68, 103,1.0,100.0
103, 70, 104,1.0,100.0
104, 68, 105,1.0,100.0
105, 70, 105,1.0,33.33333333333333
105, 71, 105,0.5,66.66666666666666
105, 71, 106,0.5,66.66666666666666
106, 71, 107,1.0,100.0
107, 71, 108,1.0,100.0
108, 71, 109,1.0,100.0
109, 71, 110,1.0,100.0
110, 23, 110,1.0,100.0
111, 0, 112,1.0,100.0
112, 72, 113,1.0,100.0
113, 73, 114,1.0,100.0
114, 74, 115,1.0,100.0
115, 75, 116,1.0,100.0
116, 76, 117,1.0,100.0
117, 77, 118,1.0,100.0
118, 78, 119,1.0,100.0
119, 78, 120,1.0,100.0
120, 78, 121,1.0,100.0
121, 78, 121,1.0,50.0
121, 79, 122,1.0,50.0
123, 0, 124,1.0,100.0
124, 80, 125,1.0,100.0
125, 81, 126,1.0,100.0
126, 80, 127,1.0,100.0
127, 82, 128,1.0,100.0
128, 70, 129,1.0,50.0
129, 83, 128,0.3333333333333333,100.0
128, 68, 129,1.0,50.0
129, 83, 130,0.3333333333333333,100.0
130, 70, 131,0.5,100.0
131, 68, 132,1.0,100.0
132, 83, 133,1.0,100.0
133, 70, 134,1.0,100.0
134, 68, 135,1.0,100.0
135, 70, 136,0.2,83.33333333333334
136, 83, 130,1.0,100.0
130, 70, 134,0.5,100.0
135, 70, 135,0.4,83.33333333333334
135, 70, 129,0.2,83.33333333333334
129, 83, 135,0.3333333333333333,100.0
135, 68, 135,1.0,16.666666666666664
135, 70, 137,0.2,83.33333333333334
137, 70, 138,1.0,100.0
138, 83, 139,1.0,100.0
139, 70, 140,1.0,100.0
140, 70, 141,1.0,44.44444444444444
141, 68, 140,0.3333333333333333,42.857142857142854
140, 83, 141,0.4,55.55555555555556
140, 83, 140,0.6,55.55555555555556
141, 68, 141,0.6666666666666666,42.857142857142854
141, 70, 140,0.375,57.14285714285714
141, 70, 141,0.625,57.14285714285714
142, 0, 143,1.0,100.0
143, 84, 144,1.0,100.0
144, 85, 145,1.0,100.0
145, 86, 146,1.0,100.0
146, 87, 147,1.0,100.0
147, 88, 148,1.0,100.0
148, 89, 149,1.0,100.0
149, 89, 150,1.0,100.0
150, 87, 150,1.0,50.0
150, 90, 151,1.0,50.0
151, 91, 152,1.0,100.0
152, 90, 153,1.0,100.0
153, 92, 154,1.0,100.0
154, 93, 154,1.0,50.0
154, 92, 155,1.0,50.0
156, 0, 157,1.0,100.0
157, 94, 158,1.0,100.0
158, 95, 159,1.0,100.0
159, 96, 160,1.0,100.0
160, 97, 161,1.0,100.0
161, 98, 162,1.0,100.0
162, 99, 163,1.0,100.0
163, 100, 164,1.0,100.0
164, 101, 165,1.0,100.0
165, 102, 166,1.0,100.0
166, 103, 167,1.0,100.0
167, 103, 168,1.0,100.0
168, 43, 169,1.0,100.0
170, 0, 171,1.0,100.0
171, 104, 172,1.0,100.0
172, 105, 173,1.0,100.0
173, 106, 174,1.0,100.0
174, 107, 175,1.0,100.0
175, 108, 176,1.0,100.0
176, 109, 177,1.0,100.0
177, 110, 178,1.0,50.0
178, 111, 178,1.0,50.0
178, 112, 177,1.0,50.0
177, 113, 179,1.0,50.0
179, 114, 180,1.0,100.0
180, 113, 181,1.0,100.0
182, 0, 183,1.0,100.0
183, 115, 184,1.0,100.0
184, 116, 185,1.0,100.0
185, 117, 186,1.0,100.0
186, 118, 187,1.0,100.0
187, 119, 188,1.0,100.0
188, 120, 189,1.0,100.0
189, 121, 190,1.0,100.0
190, 122, 191,1.0,100.0
191, 123, 192,1.0,100.0
192, 124, 193,1.0,100.0
193, 123, 194,1.0,100.0
194, 123, 195,1.0,33.33333333333333
195, 125, 194,1.0,100.0
194, 126, 196,1.0,33.33333333333333
196, 127, 196,1.0,50.0
196, 128, 194,1.0,50.0
194, 129, 197,1.0,33.33333333333333
197, 125, 198,1.0,100.0
198, 130, 199,1.0,100.0
200, 0, 201,1.0,100.0
201, 132, 202,1.0,100.0
202, 133, 203,1.0,100.0
203, 134, 204,1.0,100.0
204, 135, 205,1.0,100.0
205, 134, 206,1.0,100.0
206, 136, 207,1.0,100.0
207, 137, 208,1.0,100.0
208, 138, 209,1.0,100.0
209, 139, 210,1.0,100.0
210, 140, 211,1.0,100.0
211, 138, 212,1.0,100.0
212, 139, 213,1.0,100.0
213, 141, 213,1.0,33.33333333333333
213, 142, 213,0.5,66.66666666666666
213, 142, 214,0.5,66.66666666666666
214, 143, 215,1.0,100.0
215, 142, 216,1.0,100.0
217, 0, 218,1.0,100.0
218, 144, 219,1.0,100.0
219, 145, 220,1.0,100.0
220, 146, 221,1.0,100.0
221, 147, 222,1.0,100.0
222, 148, 223,1.0,100.0
223, 149, 224,1.0,100.0
224, 150, 225,1.0,100.0
225, 151, 226,1.0,100.0
226, 151, 226,0.6,100.0
226, 151, 227,0.4,100.0
227, 151, 226,0.2,100.0
227, 151, 227,0.6,100.0
227, 151, 228,0.2,100.0
228, 151, 229,1.0,100.0
229, 151, 230,1.0,100.0
230, 152, 230,0.6666666666666666,100.0
230, 152, 231,0.3333333333333333,100.0
232, 0, 233,1.0,100.0
233, 108, 234,1.0,100.0
234, 153, 235,1.0,100.0
235, 154, 236,1.0,100.0
236, 155, 237,1.0,100.0
237, 156, 238,1.0,100.0
238, 157, 239,1.0,100.0
239, 158, 240,1.0,100.0
240, 159, 241,1.0,100.0
241, 160, 242,1.0,100.0
242, 161, 243,1.0,100.0
243, 162, 244,1.0,100.0
244, 163, 245,1.0,100.0
245, 115, 246,1.0,100.0
246, 164, 247,1.0,100.0
247, 165, 248,1.0,100.0
248, 166, 249,1.0,100.0
249, 167, 250,1.0,100.0
250, 168, 251,1.0,100.0
251, 169, 252,1.0,100.0
252, 170, 253,1.0,100.0
253, 171, 254,1.0,100.0
254, 172, 255,1.0,100.0
255, 173, 256,1.0,100.0
256, 174, 257,1.0,100.0
257, 125, 258,1.0,100.0
258, 175, 259,1.0,100.0
259, 175, 260,1.0,100.0
260, 130, 261,1.0,100.0
262, 0, 263,1.0,100.0
263, 176, 264,1.0,100.0
264, 8, 265,1.0,100.0
265, 7, 266,1.0,100.0
266, 177, 267,1.0,100.0
267, 178, 268,1.0,100.0
268, 179, 269,1.0,100.0
269, 179, 270,1.0,100.0
270, 179, 271,1.0,100.0
272, 0, 273,1.0,100.0
273, 180, 274,1.0,100.0
274, 181, 275,1.0,100.0
275, 182, 276,1.0,100.0
276, 183, 277,1.0,100.0
277, 184, 278,1.0,100.0
278, 185, 278,1.0,50.0
278, 186, 278,1.0,50.0
279, 0, 280,1.0,100.0
280, 187, 281,1.0,100.0
281, 188, 282,1.0,100.0
283, 0, 284,1.0,100.0
284, 190, 285,1.0,100.0
285, 8, 286,1.0,100.0
286, 191, 287,1.0,100.0
287, 192, 288,1.0,100.0
288, 193, 289,1.0,100.0
289, 54, 290,1.0,100.0
290, 54, 291,1.0,100.0
291, 194, 292,1.0,100.0
292, 195, 293,1.0,50.0
293, 196, 293,1.0,50.0
293, 197, 292,1.0,50.0
292, 198, 294,1.0,50.0
294, 199, 295,1.0,100.0
295, 200, 296,1.0,100.0
296, 201, 297,1.0,100.0
297, 202, 298,1.0,100.0
298, 203, 299,1.0,100.0
299, 204, 300,1.0,100.0
300, 205, 301,1.0,100.0
301, 206, 302,1.0,100.0
302, 207, 303,1.0,100.0
303, 208, 304,1.0,100.0
304, 209, 305,1.0,100.0
306, 0, 307,1.0,100.0
307, 211, 308,1.0,100.0
308, 212, 309,1.0,100.0
309, 213, 310,1.0,100.0
310, 214, 311,1.0,100.0
311, 215, 312,1.0,100.0
312, 70, 313,1.0,100.0
313, 216, 314,1.0,100.0
314, 164, 315,1.0,100.0
315, 205, 316,1.0,100.0
316, 119, 317,1.0,100.0
317, 217, 318,1.0,100.0
318, 218, 318,1.0,8.333333333333332
318, 219, 318,1.0,41.66666666666667
318, 220, 318,1.0,25.0
318, 221, 318,0.6666666666666666,25.0
318, 221, 319,0.3333333333333333,25.0
319, 219, 320,1.0,100.0
320, 220, 321,1.0,100.0
321, 222, 322,1.0,100.0
322, 221, 323,1.0,100.0
323, 223, 324,1.0,100.0
325, 0, 326,1.0,100.0
326, 224, 327,1.0,100.0
327, 225, 328,1.0,100.0
328, 226, 329,1.0,100.0
329, 227, 330,1.0,100.0
330, 228, 331,1.0,100.0
331, 229, 332,1.0,100.0
332, 230, 333,1.0,100.0
333, 231, 334,1.0,12.5
334, 232, 333,1.0,14.285714285714285
333, 233, 333,1.0,25.0
333, 234, 334,1.0,12.5
334, 142, 333,0.5,28.57142857142857
333, 235, 333,1.0,12.5
333, 236, 334,1.0,25.0
334, 142, 334,0.5,28.57142857142857
334, 237, 333,1.0,14.285714285714285
334, 238, 333,1.0,14.285714285714285
333, 239, 334,1.0,12.5
334, 240, 334,1.0,14.285714285714285
334, 231, 335,1.0,14.285714285714285
335, 231, 336,1.0,100.0
336, 237, 337,1.0,100.0
337, 235, 338,1.0,100.0
338, 240, 339,1.0,100.0
339, 233, 339,1.0,50.0
339, 241, 340,1.0,50.0
340, 241, 341,1.0,100.0
341, 242, 342,1.0,100.0
342, 243, 343,1.0,100.0
344, 0, 345,1.0,100.0
345, 244, 346,1.0,100.0
346, 245, 347,1.0,100.0
347, 246, 348,1.0,100.0
348, 247, 349,1.0,100.0
349, 248, 350,1.0,100.0
350, 249, 351,1.0,100.0
351, 248, 352,1.0,100.0
352, 19, 353,1.0,100.0
353, 250, 354,1.0,100.0
354, 251, 355,1.0,100.0
355, 252, 356,1.0,100.0
357, 0, 358,1.0,100.0
358, 137, 359,1.0,100.0
359, 254, 360,1.0,100.0
360, 255, 361,1.0,100.0
361, 256, 362,1.0,100.0
362, 257, 363,1.0,100.0
363, 258, 364,1.0,100.0
364, 259, 365,1.0,100.0
365, 260, 366,1.0,100.0
366, 261, 367,1.0,100.0
367, 262, 368,1.0,100.0
368, 37, 369,1.0,100.0
370, 0, 371,1.0,100.0
371, 264, 372,1.0,100.0
372, 265, 373,1.0,100.0
373, 266, 374,1.0,100.0
374, 267, 375,1.0,100.0
375, 176, 376,1.0,100.0
376, 268, 377,1.0,100.0
377, 269, 378,1.0,100.0
378, 270, 379,1.0,100.0
379, 271, 380,1.0,100.0
380, 161, 381,1.0,100.0
381, 272, 382,1.0,100.0
382, 273, 383,1.0,100.0
383, 274, 384,1.0,100.0
384, 275, 385,1.0,100.0
385, 274, 386,1.0,100.0
386, 275, 387,1.0,100.0
387, 275, 388,1.0,100.0
389, 0, 390,1.0,100.0
390, 277, 391,1.0,100.0
391, 278, 392,1.0,100.0
392, 279, 393,1.0,100.0
393, 280, 394,1.0,100.0
394, 281, 395,1.0,100.0
395, 282, 396,1.0,100.0
396, 282, 396,1.0,33.33333333333333
396, 283, 396,0.5,66.66666666666666
396, 283, 397,0.5,66.66666666666666
397, 283, 397,0.8571428571428571,100.0
397, 283, 398,0.14285714285714285,100.0
398, 283, 399,1.0,100.0
399, 283, 400,1.0,100.0
400, 283, 400,1.0,50.0
400, 284, 401,1.0,50.0
401, 284, 402,1.0,100.0
402, 284, 403,1.0,100.0
403, 284, 404,1.0,100.0
404, 284, 404,0.6666666666666666,100.0
404, 284, 405,0.3333333333333333,100.0
406, 0, 407,1.0,100.0
407, 285, 408,1.0,100.0
408, 286, 409,1.0,100.0
409, 287, 410,1.0,100.0
410, 288, 411,1.0,100.0
411, 289, 412,1.0,100.0
412, 290, 413,1.0,100.0
413, 291, 414,1.0,100.0
414, 288, 415,1.0,100.0
415, 292, 416,1.0,100.0
416, 293, 417,1.0,100.0
417, 294, 418,1.0,100.0
418, 295, 418,1.0,50.0
418, 296, 419,1.0,50.0
419, 297, 419,1.0,14.285714285714285
419, 296, 419,1.0,28.57142857142857
419, 298, 419,1.0,14.285714285714285
419, 299, 419,1.0,28.57142857142857
419, 293, 420,1.0,14.285714285714285
420, 298, 421,1.0,100.0
421, 299, 422,1.0,100.0
422, 298, 423,1.0,100.0
423, 299, 424,1.0,100.0
424, 293, 424,1.0,4.0
424, 300, 424,1.0,48.0
424, 301, 424,1.0,48.0
425, 0, 426,1.0,100.0
426, 302, 427,1.0,100.0
427, 303, 428,1.0,100.0
428, 304, 429,1.0,100.0
429, 305, 430,1.0,100.0
430, 306, 431,1.0,100.0
431, 307, 432,1.0,100.0
432, 308, 433,1.0,100.0
433, 309, 434,1.0,100.0
434, 310, 435,1.0,100.0
435, 311, 436,1.0,100.0
436, 312, 437,1.0,100.0
437, 313, 438,1.0,100.0
438, 314, 438,1.0,2.7027027027027026
438, 315, 438,1.0,18.91891891891892
438, 316, 438,1.0,8.108108108108109
438, 317, 438,1.0,21.62162162162162
438, 318, 438,1.0,8.108108108108109
438, 319, 438,1.0,8.108108108108109
438, 320, 438,1.0,8.108108108108109
438, 321, 438,1.0,21.62162162162162
438, 322, 438,1.0,2.7027027027027026
439, 0, 440,1.0,100.0
440, 323, 441,1.0,100.0
441, 324, 442,1.0,100.0
442, 325, 443,1.0,100.0
443, 326, 444,1.0,100.0
444, 327, 445,1.0,100.0
445, 328, 446,1.0,100.0
446, 329, 447,1.0,100.0
447, 330, 448,1.0,100.0
448, 331, 449,1.0,100.0
449, 332, 450,1.0,100.0
450, 333, 451,1.0,100.0
451, 334, 452,1.0,100.0
452, 335, 453,1.0,100.0
453, 336, 454,1.0,100.0
454, 337, 455,1.0,100.0
456, 0, 457,1.0,100.0
457, 339, 458,1.0,100.0
458, 340, 459,1.0,100.0
459, 341, 460,1.0,100.0
460, 342, 461,1.0,100.0
461, 343, 462,1.0,100.0
462, 344, 463,1.0,100.0
463, 345, 464,1.0,100.0
464, 346, 465,1.0,100.0
465, 346, 466,1.0,100.0
466, 346, 467,1.0,100.0
468, 0, 469,1.0,100.0
469, 347, 470,1.0,100.0
470, 348, 471,1.0,100.0
471, 349, 472,1.0,100.0
472, 350, 473,1.0,100.0
473, 351, 474,1.0,100.0
474, 352, 475,1.0,100.0
475, 353, 476,1.0,100.0
476, 259, 477,1.0,100.0
477, 138, 478,0.3333333333333333,42.857142857142854
478, 354, 477,0.5,66.66666666666666
477, 138, 477,0.6666666666666666,42.857142857142854
477, 353, 477,0.5,57.14285714285714
477, 353, 478,0.25,57.14285714285714
478, 354, 478,0.5,66.66666666666666
478, 353, 477,1.0,33.33333333333333
477, 353, 479,0.25,57.14285714285714
479, 354, 480,1.0,100.0
480, 138, 481,1.0,100.0
481, 354, 481,1.0,50.0
481, 353, 482,1.0,50.0
482, 138, 483,1.0,100.0
484, 0, 485,1.0,100.0
485, 355, 486,1.0,100.0
486, 356, 487,1.0,100.0
487, 357, 488,1.0,100.0
488, 77, 489,1.0,100.0
489, 357, 490,1.0,100.0
490, 77, 491,1.0,100.0
491, 358, 492,1.0,100.0
492, 359, 492,1.0,25.0
492, 360, 492,1.0,25.0
492, 361, 492,0.5,50.0
492, 361, 493,0.5,50.0
493, 362, 494,1.0,100.0
494, 360, 495,1.0,100.0
496, 0, 497,1.0,100.0
497, 363, 498,1.0,100.0
498, 364, 499,1.0,100.0
499, 365, 500,1.0,100.0
500, 366, 501,1.0,100.0
501, 367, 502,1.0,100.0
502, 355, 503,1.0,100.0
503, 368, 503,1.0,50.0
503, 369, 504,1.0,50.0
504, 369, 504,0.9333333333333333,100.0
504, 369, 505,0.06666666666666667,100.0
505, 369, 506,1.0,100.0
506, 369, 507,1.0,100.0
507, 369, 508,1.0,100.0
508, 369, 508,1.0,16.666666666666664
508, 370, 508,0.8,83.33333333333334
508, 370, 509,0.2,83.33333333333334
509, 370, 510,1.0,100.0
510, 370, 511,1.0,100.0
511, 370, 512,1.0,100.0
512, 370, 513,1.0,100.0
513, 370, 513,1.0,9.090909090909092
513, 371, 513,0.9,90.9090909090909
513, 371, 514,0.1,90.9090909090909
514, 371, 515,1.0,100.0
515, 371, 515,1.0,100.0
516, 0, 517,1.0,100.0
517, 372, 518,1.0,100.0
518, 373, 519,1.0,100.0
519, 8, 520,1.0,100.0
520, 374, 521,1.0,100.0
521, 375, 522,1.0,100.0
522, 373, 523,1.0,100.0
523, 375, 524,1.0,100.0
524, 376, 525,1.0,100.0
525, 377, 526,1.0,100.0
526, 378, 527,1.0,100.0
527, 379, 527,1.0,50.0
527, 380, 528,1.0,50.0
528, 381, 529,1.0,100.0
529, 382, 530,1.0,50.0
530, 383, 529,1.0,100.0
529, 384, 531,1.0,50.0
531, 385, 532,1.0,100.0
532, 386, 533,1.0,100.0
533, 386, 534,1.0,100.0
534, 387, 535,1.0,100.0
535, 388, 536,1.0,100.0
536, 389, 537,1.0,100.0
537, 390, 537,1.0,33.33333333333333
537, 391, 537,0.5,66.66666666666666
537, 391, 538,0.5,66.66666666666666
538, 392, 539,1.0,100.0
539, 393, 540,1.0,100.0
540, 391, 541,1.0,100.0
541, 394, 542,1.0,100.0
542, 395, 542,1.0,5.0
542, 396, 542,1.0,25.0
542, 397, 542,1.0,25.0
542, 398, 542,1.0,25.0
542, 399, 542,1.0,20.0
543, 0, 544,1.0,100.0
544, 400, 545,1.0,100.0
545, 401, 546,1.0,100.0
546, 402, 547,1.0,100.0
547, 403, 548,1.0,100.0
548, 404, 549,1.0,100.0
549, 82, 550,1.0,100.0
550, 405, 551,1.0,100.0
551, 406, 552,1.0,100.0
552, 407, 553,1.0,100.0
553, 408, 554,1.0,100.0
554, 409, 554,1.0,10.0
554, 410, 554,1.0,40.0
554, 411, 554,0.6666666666666666,30.0
554, 412, 554,1.0,20.0
554, 411, 555,0.3333333333333333,30.0
555, 413, 556,1.0,100.0
556, 410, 557,1.0,100.0
557, 412, 558,1.0,100.0
558, 412, 559,1.0,100.0
560, 0, 561,1.0,100.0
561, 414, 562,1.0,100.0
562, 415, 563,1.0,100.0
563, 416, 564,1.0,100.0
564, 118, 565,1.0,100.0
565, 293, 566,1.0,100.0
566, 417, 567,1.0,100.0
567, 418, 568,1.0,100.0
568, 419, 569,1.0,100.0
569, 420, 570,1.0,100.0
570, 421, 571,1.0,100.0
571, 422, 572,1.0,100.0
572, 423, 573,1.0,100.0
573, 424, 574,1.0,100.0
574, 425, 575,1.0,100.0
575, 426, 576,1.0,100.0
576, 427, 577,1.0,100.0
577, 428, 578,1.0,100.0
578, 429, 579,1.0,100.0
579, 430, 580,1.0,100.0
580, 431, 581,1.0,100.0
581, 432, 582,1.0,100.0
582, 433, 583,1.0,100.0
583, 434, 584,1.0,100.0
584, 435, 585,1.0,100.0
585, 435, 586,1.0,100.0
586, 436, 587,1.0,100.0
587, 437, 588,1.0,50.0
588, 438, 587,1.0,100.0
587, 439, 589,1.0,50.0
589, 440, 590,1.0,50.0
590, 441, 589,1.0,100.0
589, 436, 591,1.0,50.0
591, 442, 592,1.0,100.0
592, 443, 593,1.0,100.0
593, 444, 594,1.0,100.0
594, 445, 595,1.0,100.0
595, 446, 596,1.0,100.0
597, 0, 598,1.0,100.0
598, 447, 599,1.0,100.0
599, 448, 600,1.0,100.0
600, 449, 601,1.0,100.0
601, 450, 602,1.0,100.0
602, 451, 603,1.0,100.0
603, 402, 604,1.0,100.0
604, 402, 604,1.0,9.090909090909092
604, 452, 604,1.0,27.27272727272727
604, 453, 604,0.8571428571428571,63.63636363636363
604, 453, 605,0.14285714285714285,63.63636363636363
605, 452, 606,1.0,100.0
606, 452, 607,1.0,100.0
607, 452, 608,1.0,100.0
608, 454, 609,1.0,100.0
609, 455, 610,1.0,100.0
610, 454, 611,1.0,100.0
611, 455, 612,1.0,100.0
612, 454, 612,1.0,16.666666666666664
612, 456, 612,1.0,16.666666666666664
612, 457, 612,1.0,16.666666666666664
612, 458, 612,1.0,16.666666666666664
612, 396, 613,1.0,16.666666666666664
613, 459, 612,1.0,100.0
612, 460, 614,1.0,16.666666666666664
614, 461, 614,1.0,5.555555555555555
614, 462, 614,1.0,94.44444444444444
615, 0, 616,1.0,100.0
616, 16, 617,1.0,100.0
617, 463, 618,1.0,100.0
618, 464, 619,1.0,100.0
619, 448, 620,1.0,100.0
620, 465, 621,1.0,100.0
621, 357, 622,1.0,100.0
622, 357, 623,1.0,100.0
623, 77, 624,1.0,100.0
624, 466, 625,1.0,100.0
625, 467, 626,1.0,100.0
626, 468, 627,1.0,100.0
627, 468, 628,1.0,14.285714285714285
628, 469, 628,0.9032258064516129,100.0
628, 469, 627,0.0967741935483871,100.0
627, 469, 627,0.5,85.71428571428571
627, 469, 628,0.5,85.71428571428571
629, 0, 630,1.0,100.0
630, 470, 631,1.0,100.0
631, 471, 632,1.0,100.0
632, 472, 633,1.0,100.0
633, 473, 634,1.0,100.0
634, 474, 635,1.0,100.0
635, 475, 636,1.0,100.0
636, 476, 637,1.0,100.0
637, 477, 638,1.0,100.0
638, 478, 639,1.0,100.0
639, 479, 640,1.0,100.0
640, 480, 641,1.0,100.0
641, 469, 642,1.0,100.0
642, 469, 642,0.5,100.0
642, 469, 643,0.5,100.0
643, 469, 644,1.0,100.0
644, 481, 645,1.0,100.0
645, 481, 646,1.0,100.0
647, 0, 648,1.0,100.0
648, 48, 649,1.0,100.0
649, 482, 650,1.0,100.0
650, 483, 651,1.0,100.0
651, 484, 652,1.0,100.0
652, 468, 653,1.0,100.0
653, 468, 654,1.0,100.0
654, 152, 655,1.0,100.0
656, 0, 657,1.0,100.0
657, 419, 658,1.0,100.0
658, 485, 659,1.0,100.0
659, 486, 660,1.0,100.0
660, 487, 661,1.0,100.0
661, 488, 662,1.0,100.0
662, 489, 663,1.0,100.0
663, 490, 664,1.0,100.0
664, 491, 665,1.0,100.0
665, 492, 665,1.0,25.0
665, 277, 665,1.0,25.0
665, 493, 666,1.0,25.0
666, 267, 665,1.0,100.0
665, 494, 667,1.0,25.0
667, 495, 667,1.0,14.285714285714285
667, 496, 667,1.0,57.14285714285714
667, 491, 667,1.0,14.285714285714285
667, 497, 668,1.0,14.285714285714285
668, 498, 669,1.0,100.0
669, 497, 670,1.0,7.142857142857142
670, 499, 670,0.6666666666666666,21.428571428571427
670, 500, 669,0.5,14.285714285714285
669, 501, 669,1.0,14.285714285714285
669, 502, 670,0.6666666666666666,21.428571428571427
670, 503, 670,0.5,28.57142857142857
670, 504, 669,0.6666666666666666,21.428571428571427
669, 505, 669,0.5,14.285714285714285
669, 506, 670,0.5,14.285714285714285
670, 499, 669,0.3333333333333333,21.428571428571427
669, 505, 670,0.5,14.285714285714285
670, 503, 669,0.5,28.57142857142857
669, 502, 669,0.3333333333333333,21.428571428571427
669, 504, 670,1.0,7.142857142857142
670, 500, 670,0.5,14.285714285714285
670, 507, 669,0.5,14.285714285714285
669, 508, 670,1.0,7.142857142857142
669, 509, 669,1.0,14.285714285714285
670, 507, 670,0.5,14.285714285714285
670, 504, 670,0.3333333333333333,21.428571428571427
669, 506, 669,0.5,14.285714285714285
671, 0, 672,1.0,100.0
672, 510, 673,1.0,100.0
673, 511, 674,1.0,100.0
674, 512, 675,1.0,100.0
675, 422, 676,1.0,100.0
676, 513, 677,1.0,100.0
677, 514, 678,1.0,100.0
678, 515, 679,1.0,100.0
679, 516, 680,1.0,100.0
680, 517, 680,1.0,14.285714285714285
680, 201, 680,1.0,14.285714285714285
680, 518, 680,1.0,14.285714285714285
680, 198, 680,1.0,14.285714285714285
680, 145, 680,1.0,14.285714285714285
680, 139, 680,1.0,14.285714285714285
680, 519, 681,1.0,14.285714285714285
681, 518, 682,1.0,100.0
682, 518, 683,1.0,100.0
683, 63, 684,1.0,100.0
684, 520, 685,1.0,100.0
685, 521, 685,1.0,50.0
685, 522, 686,1.0,50.0
686, 523, 687,1.0,100.0
687, 524, 688,1.0,100.0
688, 522, 689,1.0,100.0
689, 521, 690,1.0,100.0
691, 0, 692,1.0,100.0
692, 526, 693,1.0,100.0
693, 527, 694,1.0,100.0
694, 528, 695,1.0,100.0
695, 529, 696,1.0,100.0
696, 146, 697,1.0,100.0
697, 530, 698,1.0,100.0
698, 531, 699,1.0,100.0
699, 532, 700,1.0,100.0
700, 10, 701,1.0,100.0
701, 533, 702,1.0,100.0
702, 532, 703,1.0,100.0
704, 0, 705,1.0,100.0
705, 196, 706,1.0,100.0
706, 535, 707,1.0,100.0
707, 119, 708,1.0,100.0
708, 536, 709,1.0,100.0
709, 335, 710,1.0,100.0
710, 537, 711,1.0,100.0
711, 538, 712,1.0,100.0
712, 539, 713,1.0,100.0
713, 540, 714,1.0,100.0
714, 541, 715,1.0,100.0
715, 536, 716,1.0,100.0
717, 0, 718,1.0,100.0
718, 255, 719,1.0,100.0
719, 542, 720,1.0,100.0
720, 543, 721,1.0,100.0
721, 544, 722,1.0,100.0
722, 545, 723,1.0,100.0
723, 546, 724,1.0,100.0
724, 547, 725,1.0,100.0
725, 548, 726,1.0,100.0
726, 549, 727,1.0,50.0
727, 550, 726,1.0,50.0
726, 551, 727,1.0,50.0
727, 552, 728,1.0,50.0
728, 548, 729,1.0,100.0
730, 0, 731,1.0,100.0
731, 553, 732,1.0,100.0
732, 158, 733,1.0,100.0
733, 554, 734,1.0,100.0
734, 555, 735,1.0,100.0
735, 556, 736,1.0,100.0
736, 555, 737,1.0,100.0
737, 557, 738,1.0,100.0
738, 558, 739,1.0,100.0
739, 559, 740,1.0,100.0
740, 558, 741,1.0,100.0
741, 560, 742,1.0,100.0
742, 561, 743,1.0,100.0
743, 562, 744,1.0,100.0
744, 563, 745,1.0,100.0
745, 564, 745,1.0,20.0
745, 565, 745,0.5,40.0
745, 563, 746,1.0,20.0
746, 566, 746,1.0,10.0
746, 567, 745,0.5,20.0
745, 568, 746,1.0,20.0
746, 569, 746,1.0,10.0
746, 568, 746,1.0,10.0
746, 565, 746,1.0,10.0
746, 570, 746,1.0,10.0
746, 567, 746,0.5,20.0
746, 564, 745,1.0,10.0
745, 565, 746,0.5,40.0
746, 571, 746,0.5,20.0
746, 571, 747,0.5,20.0
747, 572, 748,1.0,100.0
748, 568, 749,1.0,100.0
750, 0, 751,1.0,100.0
751, 574, 752,1.0,100.0
752, 575, 753,1.0,100.0
753, 576, 754,1.0,100.0
754, 63, 755,1.0,100.0
755, 577, 756,1.0,100.0
756, 578, 757,1.0,100.0
757, 579, 758,1.0,100.0
758, 580, 759,1.0,100.0
759, 581, 760,1.0,100.0
760, 580, 761,1.0,100.0
761, 582, 762,1.0,100.0
762, 583, 763,1.0,100.0
763, 583, 764,1.0,100.0
765, 0, 766,1.0,100.0
766, 584, 767,1.0,100.0
767, 133, 768,1.0,100.0
768, 585, 769,1.0,100.0
769, 584, 770,1.0,100.0
770, 586, 771,1.0,100.0
771, 587, 772,1.0,100.0
772, 115, 773,1.0,100.0
773, 588, 774,1.0,100.0
774, 589, 775,1.0,100.0
775, 590, 776,1.0,100.0
776, 591, 777,1.0,100.0
777, 592, 777,1.0,50.0
777, 593, 778,1.0,50.0
778, 594, 779,1.0,100.0
779, 595, 780,1.0,100.0
780, 56, 781,1.0,100.0
781, 596, 782,1.0,100.0
782, 597, 782,1.0,12.5
782, 598, 782,1.0,6.25
782, 55, 782,1.0,6.25
782, 599, 782,1.0,9.375
782, 600, 782,1.0,6.25
782, 56, 782,1.0,9.375
782, 601, 782,1.0,3.125
782, 602, 782,1.0,3.125
782, 603, 782,1.0,6.25
782, 348, 782,1.0,6.25
782, 604, 782,1.0,9.375
782, 605, 782,1.0,3.125
782, 409, 782,1.0,3.125
782, 606, 782,1.0,6.25
782, 590, 782,1.0,9.375
783, 0, 784,1.0,100.0
784, 607, 785,1.0,100.0
785, 496, 786,1.0,100.0
786, 608, 787,1.0,100.0
787, 609, 788,1.0,100.0
788, 610, 789,1.0,100.0
789, 611, 790,1.0,100.0
790, 612, 791,1.0,100.0
791, 613, 792,1.0,100.0
792, 614, 793,1.0,100.0
793, 615, 794,1.0,100.0
794, 616, 795,1.0,100.0
795, 617, 796,1.0,100.0
796, 618, 797,1.0,100.0
797, 619, 798,1.0,25.0
798, 620, 797,0.5,100.0
797, 621, 797,1.0,25.0
797, 622, 797,0.5,50.0
797, 622, 798,0.5,50.0
798, 620, 799,0.5,100.0
799, 623, 799,1.0,50.0
799, 624, 800,1.0,50.0
800, 625, 801,1.0,100.0
801, 322, 802,1.0,100.0
802, 626, 803,1.0,100.0
803, 627, 804,1.0,100.0
804, 628, 805,1.0,100.0
805, 629, 806,1.0,100.0
806, 630, 807,1.0,100.0
807, 631, 808,1.0,100.0
808, 632, 809,1.0,100.0
809, 633, 810,1.0,100.0
810, 634, 811,1.0,100.0
811, 321, 812,1.0,100.0
812, 635, 813,1.0,100.0
813, 636, 814,1.0,100.0
814, 637, 815,1.0,100.0
815, 638, 816,1.0,100.0
817, 0, 818,1.0,100.0
818, 640, 819,1.0,100.0
819, 641, 820,1.0,100.0
820, 84, 821,1.0,100.0
821, 642, 822,1.0,100.0
822, 643, 823,1.0,100.0
823, 644, 824,1.0,100.0
824, 645, 825,1.0,50.0
825, 646, 824,0.5,100.0
824, 578, 825,1.0,50.0
825, 646, 826,0.5,100.0
826, 402, 827,1.0,100.0
827, 402, 828,1.0,100.0
828, 578, 829,1.0,100.0
829, 402, 830,1.0,100.0
830, 402, 831,1.0,100.0
831, 647, 832,1.0,100.0
832, 648, 833,1.0,100.0
833, 649, 834,1.0,100.0
834, 650, 835,1.0,100.0
835, 651, 836,1.0,100.0
836, 652, 837,1.0,100.0
837, 653, 837,1.0,25.0
837, 654, 837,0.6666666666666666,75.0
837, 654, 838,0.3333333333333333,75.0
838, 655, 839,1.0,100.0
839, 249, 840,1.0,100.0
840, 656, 841,1.0,100.0
841, 538, 842,1.0,100.0
842, 649, 843,1.0,100.0
843, 657, 844,1.0,100.0
844, 658, 845,1.0,100.0
845, 538, 845,1.0,50.0
845, 659, 846,1.0,50.0
846, 660, 847,1.0,100.0
847, 653, 848,1.0,100.0
848, 661, 849,1.0,100.0
849, 662, 850,1.0,100.0
850, 663, 851,1.0,100.0
851, 664, 852,1.0,100.0
852, 665, 853,1.0,100.0
853, 249, 853,1.0,12.5
853, 666, 853,1.0,25.0
853, 667, 853,1.0,12.5
853, 668, 853,1.0,12.5
853, 253, 853,1.0,12.5
853, 669, 853,1.0,12.5
853, 19, 853,1.0,12.5
854, 0, 855,1.0,100.0
855, 671, 856,1.0,100.0
856, 672, 857,1.0,100.0
857, 266, 858,1.0,100.0
858, 673, 859,1.0,100.0
859, 202, 860,1.0,100.0
860, 264, 861,1.0,100.0
861, 674, 862,1.0,100.0
862, 675, 863,1.0,100.0
863, 676, 864,1.0,100.0
864, 677, 864,1.0,14.285714285714285
864, 369, 864,1.0,42.857142857142854
864, 674, 864,0.6666666666666666,42.857142857142854
864, 674, 865,0.3333333333333333,42.857142857142854
865, 674, 866,1.0,100.0
866, 369, 867,1.0,100.0
867, 369, 868,1.0,100.0
868, 678, 868,0.6666666666666666,100.0
868, 678, 869,0.3333333333333333,100.0
869, 678, 870,1.0,100.0
871, 0, 872,1.0,-100.0
872, 406, 873,1.0,-100.0
873, 679, 874,1.0,-100.0
874, 680, 875,1.0,-100.0
875, 681, 876,1.0,-100.0
876, 682, 876,1.0,-50.0
876, 683, 877,1.0,-50.0
877, 326, 878,1.0,-100.0
878, 684, 879,1.0,-100.0
879, 685, 880,1.0,-100.0
880, 36, 880,1.0,-50.0
880, 576, 881,1.0,-50.0
881, 686, 882,1.0,-100.0
882, 687, 883,1.0,-100.0
883, 688, 884,1.0,-25.0
884, 641, 883,1.0,-100.0
883, 308, 885,1.0,-25.0
885, 689, 883,1.0,-100.0
883, 109, 883,1.0,-25.0
883, 690, 886,1.0,-25.0
886, 691, 886,1.0,-3.3333333333333335
886, 692, 886,1.0,-3.3333333333333335
886, 693, 886,1.0,-6.666666666666667
886, 109, 886,1.0,-3.3333333333333335
886, 212, 886,1.0,-3.3333333333333335
886, 694, 886,1.0,-6.666666666666667
886, 695, 886,1.0,-3.3333333333333335
886, 696, 886,1.0,-3.3333333333333335
886, 697, 886,1.0,-3.3333333333333335
886, 698, 886,1.0,-3.3333333333333335
886, 699, 886,1.0,-6.666666666666667
886, 700, 886,1.0,-3.3333333333333335
886, 701, 886,1.0,-3.3333333333333335
886, 214, 886,1.0,-3.3333333333333335
886, 702, 886,1.0,-3.3333333333333335
886, 703, 886,1.0,-3.3333333333333335
886, 704, 886,1.0,-3.3333333333333335
886, 705, 886,1.0,-3.3333333333333335
886, 519, 886,1.0,-3.3333333333333335
886, 706, 886,1.0,-3.3333333333333335
886, 684, 886,1.0,-3.3333333333333335
886, 171, 886,1.0,-3.3333333333333335
886, 707, 886,1.0,-3.3333333333333335
886, 708, 886,1.0,-3.3333333333333335
886, 709, 886,1.0,-3.3333333333333335
886, 710, 886,1.0,-3.3333333333333335
886, 145, 886,1.0,-3.3333333333333335
887, 0, 888,1.0,-100.0
888, 712, 889,1.0,-100.0
889, 713, 890,1.0,-100.0
890, 714, 891,1.0,-100.0
891, 715, 892,1.0,-100.0
892, 716, 893,1.0,-100.0
893, 717, 894,1.0,-100.0
894, 718, 895,1.0,-100.0
895, 719, 896,1.0,-100.0
896, 720, 897,1.0,-100.0
897, 721, 898,1.0,-100.0
898, 722, 899,1.0,-100.0
899, 294, 900,1.0,-100.0
900, 723, 901,1.0,-100.0
901, 724, 902,1.0,-100.0
902, 725, 903,1.0,-100.0
903, 721, 904,1.0,-100.0
904, 726, 905,1.0,-100.0
905, 726, 906,1.0,-100.0
906, 727, 907,1.0,-100.0
907, 727, 908,1.0,-100.0
908, 728, 908,1.0,-3.4482758620689653
908, 333, 908,1.0,-31.03448275862069
908, 338, 908,1.0,-20.689655172413794
908, 729, 908,1.0,-34.48275862068966
908, 730, 908,1.0,-10.344827586206897
909, 0, 910,1.0,-100.0
910, 491, 911,1.0,-100.0
911, 731, 912,1.0,-100.0
912, 732, 913,1.0,-100.0
913, 640, 913,1.0,-50.0
913, 733, 914,1.0,-50.0
914, 734, 915,1.0,-100.0
915, 735, 916,1.0,-100.0
916, 736, 917,1.0,-100.0
917, 737, 918,1.0,-100.0
918, 738, 919,1.0,-100.0
919, 312, 920,1.0,-100.0
920, 739, 921,1.0,-100.0
921, 740, 922,1.0,-100.0
922, 741, 923,1.0,-100.0
923, 705, 924,1.0,-100.0
924, 712, 925,1.0,-100.0
925, 312, 926,1.0,-100.0
926, 684, 927,1.0,-100.0
927, 705, 928,1.0,-100.0
928, 742, 929,1.0,-100.0
929, 743, 930,1.0,-100.0
930, 743, 931,1.0,-100.0
931, 744, 932,1.0,-100.0
932, 744, 933,1.0,-100.0
933, 744, 933,1.0,-4.0
933, 743, 933,1.0,-64.0
933, 393, 933,1.0,-32.0
934, 0, 935,1.0,-100.0
935, 745, 936,1.0,-100.0
936, 746, 937,1.0,-100.0
937, 747, 938,1.0,-100.0
938, 50, 939,1.0,-100.0
939, 748, 940,1.0,-100.0
940, 749, 941,1.0,-100.0
941, 750, 942,1.0,-100.0
942, 751, 943,1.0,-100.0
943, 752, 944,1.0,-100.0
944, 753, 945,1.0,-100.0
945, 754, 946,1.0,-100.0
946, 755, 947,1.0,-100.0
947, 756, 948,1.0,-100.0
949, 0, 950,1.0,-100.0
950, 758, 951,1.0,-100.0
951, 759, 952,1.0,-100.0
952, 760, 953,1.0,-100.0
953, 290, 954,1.0,-100.0
954, 761, 955,1.0,-100.0
955, 762, 956,1.0,-100.0
956, 763, 957,1.0,-100.0
957, 764, 958,1.0,-100.0
958, 763, 959,1.0,-100.0
959, 765, 960,1.0,-100.0
960, 407, 961,1.0,-100.0
961, 138, 962,1.0,-100.0
962, 260, 963,1.0,-100.0
963, 766, 964,1.0,-100.0
964, 767, 965,1.0,-100.0
965, 768, 966,1.0,-100.0
966, 769, 967,1.0,-100.0
967, 770, 968,1.0,-100.0
968, 771, 969,1.0,-100.0
969, 772, 970,1.0,-100.0
970, 773, 970,1.0,-50.0
970, 774, 971,1.0,-50.0
971, 775, 971,1.0,-20.0
971, 776, 971,1.0,-20.0
971, 777, 972,0.5,-40.0
972, 778, 971,1.0,-100.0
971, 773, 971,1.0,-20.0
971, 777, 973,0.5,-40.0
973, 773, 973,0.5,-40.0
973, 773, 974,0.5,-40.0
974, 774, 974,1.0,-33.33333333333333
974, 777, 973,0.5,-44.44444444444444
973, 775, 974,0.6666666666666666,-60.0
974, 777, 975,0.5,-44.44444444444444
975, 773, 974,1.0,-100.0
974, 778, 974,0.5,-22.22222222222222
974, 778, 973,0.5,-22.22222222222222
973, 775, 976,0.3333333333333333,-60.0
976, 775, 977,1.0,-50.0
977, 775, 977,0.5,-100.0
977, 775, 976,0.5,-100.0
976, 774, 978,1.0,-50.0
978, 773, 978,1.0,-100.0
979, 0, 980,1.0,-100.0
980, 263, 981,1.0,-100.0
981, 779, 982,1.0,-100.0
982, 236, 983,1.0,-100.0
983, 80, 984,1.0,-100.0
984, 780, 985,1.0,-100.0
985, 781, 986,1.0,-100.0
986, 570, 987,1.0,-100.0
987, 782, 988,1.0,-100.0
988, 783, 989,1.0,-100.0
989, 784, 990,1.0,-100.0
990, 145, 991,1.0,-100.0
991, 785, 992,1.0,-100.0
992, 786, 993,1.0,-100.0
993, 787, 994,1.0,-100.0
994, 788, 995,1.0,-100.0
995, 169, 996,1.0,-100.0
996, 608, 997,1.0,-100.0
997, 789, 998,1.0,-100.0
998, 112, 999,1.0,-100.0
999, 472, 1000,1.0,-100.0
1000, 353, 1001,1.0,-100.0
1001, 790, 1002,1.0,-100.0
1002, 791, 1003,1.0,-100.0
1003, 792, 1004,1.0,-100.0
1004, 793, 1005,1.0,-100.0
1005, 794, 1006,1.0,-100.0
1006, 352, 1007,1.0,-100.0
1007, 795, 1008,1.0,-100.0
1008, 796, 1009,1.0,-100.0
1009, 419, 1010,1.0,-100.0
1010, 797, 1011,1.0,-100.0
1011, 798, 1012,1.0,-100.0
1012, 210, 1013,1.0,-100.0
1013, 799, 1014,1.0,-100.0
1014, 800, 1015,1.0,-100.0
1015, 801, 1016,1.0,-100.0
1016, 802, 1017,1.0,-100.0
1017, 751, 1018,1.0,-100.0
1018, 803, 1019,1.0,-100.0
1019, 804, 1020,1.0,-100.0
1020, 805, 1021,1.0,-100.0
1021, 591, 1022,1.0,-100.0
1022, 416, 1023,1.0,-100.0
1023, 806, 1024,1.0,-100.0
1024, 807, 1025,1.0,-100.0
1025, 808, 1026,1.0,-100.0
1026, 809, 1027,1.0,-100.0
1027, 810, 1028,1.0,-100.0
1028, 811, 1028,1.0,-100.0
1029, 0, 1030,1.0,-100.0
1030, 813, 1031,1.0,-100.0
1031, 814, 1032,1.0,-100.0
1032, 3, 1033,1.0,-100.0
1033, 815, 1034,1.0,-100.0
1034, 816, 1035,1.0,-100.0
1035, 817, 1036,1.0,-100.0
1036, 818, 1037,1.0,-100.0
1037, 819, 1038,1.0,-100.0
1038, 820, 1039,1.0,-100.0
1039, 821, 1040,1.0,-100.0
1040, 229, 1041,1.0,-100.0
1042, 0, 1043,1.0,-100.0
1043, 823, 1044,1.0,-100.0
1044, 705, 1045,1.0,-100.0
1045, 824, 1046,1.0,-100.0
1046, 28, 1047,1.0,-100.0
1047, 825, 1048,1.0,-100.0
1048, 723, 1049,1.0,-100.0
1049, 826, 1050,1.0,-100.0
1050, 720, 1051,1.0,-100.0
1051, 827, 1052,1.0,-100.0
1052, 828, 1053,1.0,-100.0
1053, 346, 1054,1.0,-100.0
1054, 825, 1055,1.0,-100.0
1055, 829, 1056,1.0,-100.0
1056, 830, 1057,1.0,-100.0
1057, 49, 1058,1.0,-100.0
1058, 831, 1059,1.0,-100.0
1059, 832, 1060,1.0,-100.0
1060, 833, 1061,1.0,-100.0
1061, 834, 1062,1.0,-100.0
1062, 835, 1063,1.0,-100.0
1063, 836, 1064,1.0,-100.0
1064, 837, 1065,1.0,-100.0
1065, 838, 1066,1.0,-100.0
1066, 839, 1067,1.0,-100.0
1067, 309, 1068,1.0,-100.0
1068, 840, 1069,1.0,-100.0
1069, 841, 1070,1.0,-100.0
1070, 842, 1071,1.0,-100.0
1071, 541, 1072,1.0,-100.0
1072, 843, 1073,1.0,-100.0
1073, 844, 1074,1.0,-100.0
1074, 562, 1075,1.0,-100.0
1075, 845, 1076,1.0,-100.0
1076, 846, 1077,1.0,-100.0
1077, 847, 1078,1.0,-100.0
1078, 51, 1079,1.0,-100.0
1079, 848, 1080,1.0,-100.0
1080, 845, 1081,1.0,-100.0
1081, 291, 1082,1.0,-100.0
1082, 849, 1083,1.0,-100.0
1083, 850, 1084,1.0,-100.0
1084, 53, 1085,1.0,-100.0
1085, 851, 1086,1.0,-100.0
1086, 8, 1087,1.0,-100.0
1087, 852, 1088,1.0,-100.0
1088, 853, 1089,1.0,-100.0
1089, 343, 1090,1.0,-100.0
1090, 854, 1091,1.0,-100.0
1091, 855, 1091,1.0,-100.0
1092, 0, 1093,1.0,-100.0
1093, 857, 1094,1.0,-100.0
1094, 858, 1095,1.0,-100.0
1095, 859, 1096,1.0,-100.0
1096, 860, 1097,1.0,-100.0
1097, 861, 1098,1.0,-100.0
1098, 862, 1099,1.0,-100.0
1099, 863, 1100,1.0,-100.0
1100, 863, 1101,1.0,-100.0
1101, 864, 1102,1.0,-100.0
1102, 865, 1103,1.0,-100.0
1103, 866, 1104,1.0,-100.0
1104, 867, 1105,1.0,-100.0
1105, 868, 1106,1.0,-100.0
1106, 869, 1107,1.0,-100.0
1108, 0, 1109,1.0,-100.0
1109, 871, 1110,1.0,-100.0
1110, 461, 1111,1.0,-100.0
1111, 872, 1112,1.0,-100.0
1112, 873, 1113,1.0,-100.0
1113, 874, 1114,1.0,-100.0
1114, 354, 1115,1.0,-100.0
1115, 875, 1116,1.0,-100.0
1116, 876, 1117,1.0,-100.0
1117, 877, 1118,1.0,-100.0
1118, 878, 1119,1.0,-100.0
1119, 879, 1120,1.0,-100.0
1120, 877, 1121,1.0,-100.0
1122, 0, 1123,1.0,-100.0
1123, 881, 1124,1.0,-100.0
1124, 490, 1125,1.0,-100.0
1125, 882, 1126,1.0,-100.0
1126, 883, 1127,1.0,-100.0
1127, 884, 1128,1.0,-100.0
1128, 885, 1129,1.0,-100.0
1129, 754, 1130,1.0,-100.0
1130, 886, 1131,1.0,-100.0
1131, 464, 1132,1.0,-100.0
1132, 887, 1133,1.0,-100.0
1133, 888, 1134,1.0,-100.0
1134, 889, 1135,1.0,-100.0
1136, 0, 1137,1.0,-100.0
1137, 891, 1138,1.0,-100.0
1138, 892, 1139,1.0,-100.0
1139, 893, 1140,1.0,-100.0
1140, 894, 1141,1.0,-100.0
1141, 895, 1142,1.0,-100.0
1142, 896, 1143,1.0,-100.0
1143, 897, 1144,1.0,-100.0
1144, 898, 1145,1.0,-100.0
1145, 899, 1146,1.0,-100.0
1146, 900, 1147,1.0,-100.0
1147, 901, 1148,1.0,-100.0
1148, 902, 1149,1.0,-100.0
1149, 418, 1150,1.0,-100.0
1150, 899, 1151,1.0,-100.0
1151, 375, 1152,1.0,-100.0
1152, 682, 1153,1.0,-100.0
1153, 899, 1154,1.0,-100.0
1154, 903, 1155,1.0,-100.0
1155, 904, 1156,1.0,-100.0
1157, 0, 1158,1.0,-100.0
1158, 906, 1159,1.0,-100.0
1159, 907, 1160,1.0,-100.0
1160, 908, 1161,1.0,-100.0
1161, 752, 1162,1.0,-100.0
1162, 909, 1163,1.0,-100.0
1163, 910, 1164,1.0,-100.0
1164, 911, 1165,1.0,-100.0
1165, 912, 1166,1.0,-100.0
1166, 373, 1167,1.0,-100.0
1167, 913, 1168,1.0,-100.0
1168, 914, 1169,1.0,-100.0
1169, 915, 1170,1.0,-100.0
1170, 57, 1171,1.0,-100.0
1171, 792, 1172,1.0,-100.0
1172, 780, 1173,1.0,-100.0
1173, 916, 1174,1.0,-100.0
1174, 917, 1175,1.0,-100.0
1176, 0, 1177,1.0,-100.0
1177, 919, 1178,1.0,-100.0
1178, 920, 1179,1.0,-100.0
1179, 921, 1180,1.0,-100.0
1180, 653, 1181,1.0,-100.0
1181, 922, 1182,1.0,-100.0
1182, 923, 1183,1.0,-100.0
1183, 827, 1184,1.0,-100.0
1184, 169, 1185,1.0,-100.0
1185, 924, 1186,1.0,-100.0
1186, 925, 1187,1.0,-100.0
1187, 612, 1188,1.0,-100.0
1188, 926, 1189,1.0,-100.0
1189, 927, 1190,1.0,-100.0
1190, 198, 1191,1.0,-100.0
1191, 928, 1192,1.0,-100.0
1192, 929, 1193,1.0,-100.0
1193, 683, 1194,1.0,-100.0
1194, 407, 1195,1.0,-100.0
1195, 930, 1196,1.0,-100.0
1196, 931, 1197,1.0,-100.0
1197, 609, 1198,1.0,-100.0
1198, 700, 1199,1.0,-100.0
1199, 929, 1200,1.0,-100.0
1201, 0, 1202,1.0,-100.0
1202, 312, 1203,1.0,-100.0
1203, 294, 1204,1.0,-100.0
1204, 681, 1205,1.0,-100.0
1205, 933, 1206,1.0,-100.0
1206, 934, 1207,1.0,-100.0
1207, 935, 1208,1.0,-100.0
1208, 936, 1209,1.0,-100.0
1209, 937, 1210,1.0,-100.0
1210, 519, 1210,1.0,-50.0
1210, 938, 1211,1.0,-50.0
1211, 939, 1212,1.0,-100.0
1212, 680, 1213,1.0,-100.0
1213, 940, 1214,1.0,-100.0
1214, 941, 1215,1.0,-100.0
1215, 941, 1216,1.0,-100.0
1216, 326, 1216,1.0,-50.0
1216, 942, 1217,1.0,-50.0
1217, 943, 1218,1.0,-100.0
1218, 690, 1219,1.0,-100.0
1219, 944, 1220,1.0,-100.0
1220, 945, 1221,1.0,-100.0
1221, 946, 1222,1.0,-100.0
1222, 947, 1223,1.0,-100.0
1223, 948, 1224,1.0,-100.0
1224, 933, 1225,1.0,-100.0
1225, 721, 1226,1.0,-100.0
1226, 949, 1227,1.0,-100.0
1227, 950, 1228,1.0,-100.0
1229, 0, 1230,1.0,-100.0
1230, 952, 1231,1.0,-100.0
1231, 953, 1232,1.0,-100.0
1232, 954, 1233,1.0,-100.0
1233, 955, 1234,1.0,-100.0
1234, 956, 1235,1.0,-100.0
1235, 957, 1236,1.0,-100.0
1236, 958, 1237,1.0,-100.0
1237, 959, 1238,1.0,-100.0
1239, 0, 1240,1.0,-100.0
1240, 961, 1241,1.0,-100.0
1241, 459, 1242,1.0,-100.0
1242, 962, 1243,1.0,-100.0
1243, 30, 1244,1.0,-100.0
1244, 963, 1245,1.0,-100.0
1245, 964, 1246,1.0,-100.0
1246, 965, 1247,1.0,-100.0
1247, 766, 1248,1.0,-100.0
1248, 966, 1249,1.0,-100.0
1249, 967, 1250,1.0,-100.0
1250, 968, 1251,1.0,-100.0
1251, 1, 1252,1.0,-100.0
1252, 969, 1253,1.0,-100.0
1253, 970, 1254,1.0,-100.0
1254, 971, 1255,1.0,-100.0
1255, 972, 1256,1.0,-100.0
1256, 973, 1257,1.0,-100.0
1257, 974, 1258,1.0,-100.0
1258, 975, 1258,1.0,-50.0
1258, 976, 1259,1.0,-50.0
1259, 48, 1260,1.0,-100.0
1260, 977, 1261,1.0,-100.0
1261, 978, 1262,1.0,-100.0
1262, 979, 1263,1.0,-100.0
1263, 980, 1264,1.0,-100.0
1264, 981, 1265,1.0,-100.0
1265, 982, 1266,1.0,-100.0
1266, 983, 1267,1.0,-100.0
1267, 627, 1268,1.0,-100.0
1268, 781, 1269,1.0,-100.0
1269, 238, 1270,1.0,-100.0
1270, 984, 1271,1.0,-100.0
1271, 985, 1272,1.0,-100.0
1272, 986, 1273,1.0,-100.0
1273, 47, 1274,1.0,-100.0
1274, 766, 1275,1.0,-100.0
1275, 576, 1276,1.0,-100.0
1276, 987, 1277,1.0,-100.0
1277, 988, 1278,1.0,-100.0
1278, 989, 1279,1.0,-50.0
1279, 990, 1278,1.0,-100.0
1278, 991, 1280,1.0,-50.0
1280, 992, 1281,1.0,-100.0
1281, 993, 1281,1.0,-25.0
1281, 994, 1281,1.0,-25.0
1281, 995, 1281,0.5,-50.0
1281, 995, 1282,0.5,-50.0
1282, 996, 1283,1.0,-100.0
1283, 982, 1283,1.0,-100.0
1284, 0, 1285,1.0,-100.0
1285, 998, 1286,1.0,-100.0
1286, 999, 1287,1.0,-100.0
1288, 0, 1289,1.0,-100.0
1289, 1001, 1290,1.0,-100.0
1290, 935, 1291,1.0,-100.0
1291, 1002, 1292,1.0,-100.0
1292, 1003, 1293,1.0,-100.0
1293, 1004, 1294,1.0,-100.0
1294, 1005, 1295,1.0,-100.0
1295, 1006, 1296,1.0,-100.0
1296, 1007, 1297,1.0,-100.0
1297, 1008, 1298,1.0,-100.0
1298, 1009, 1299,1.0,-100.0
1299, 1010, 1300,1.0,-100.0
1300, 1011, 1301,1.0,-100.0
1301, 1012, 1302,1.0,-100.0
1302, 1013, 1303,1.0,-100.0
1303, 1014, 1304,1.0,-100.0
1304, 317, 1305,1.0,-100.0
1305, 1015, 1306,1.0,-100.0
1306, 1016, 1307,1.0,-100.0
1307, 721, 1308,1.0,-100.0
1308, 1017, 1309,1.0,-100.0
1309, 1018, 1310,1.0,-100.0
1310, 225, 1311,1.0,-100.0
1311, 1019, 1312,1.0,-100.0
1313, 0, 1314,1.0,-100.0
1314, 736, 1315,1.0,-100.0
1315, 679, 1316,1.0,-100.0
1316, 684, 1317,1.0,-100.0
1317, 684, 1318,1.0,-100.0
1318, 680, 1319,1.0,-100.0
1319, 685, 1320,1.0,-100.0
1320, 1020, 1321,1.0,-100.0
1321, 1021, 1322,1.0,-100.0
1322, 1022, 1323,1.0,-100.0
1323, 1023, 1324,1.0,-100.0
1324, 1024, 1325,1.0,-100.0
1325, 949, 1326,1.0,-100.0
1326, 1025, 1327,1.0,-100.0
1327, 312, 1328,1.0,-100.0
1328, 312, 1329,1.0,-100.0
1329, 1025, 1329,1.0,-50.0
1329, 312, 1330,1.0,-50.0
1330, 1025, 1330,1.0,-16.666666666666664
1330, 312, 1330,1.0,-33.33333333333333
1330, 326, 1330,1.0,-33.33333333333333
1330, 720, 1331,1.0,-16.666666666666664
1331, 720, 1332,1.0,-100.0
1332, 1026, 1333,1.0,-100.0
1333, 1026, 1334,1.0,-100.0
1334, 1027, 1335,1.0,-100.0
1335, 1027, 1336,1.0,-100.0
1337, 0, 1338,1.0,-100.0
1338, 1028, 1339,1.0,-100.0
1339, 1029, 1339,1.0,-50.0
1339, 1030, 1340,1.0,-50.0
1340, 1031, 1341,1.0,-100.0
1341, 1032, 1342,1.0,-100.0
1342, 1033, 1343,1.0,-100.0
1343, 1034, 1344,1.0,-100.0
1344, 685, 1345,1.0,-100.0
1345, 1035, 1346,1.0,-100.0
1346, 1036, 1347,1.0,-100.0
1347, 1037, 1348,1.0,-100.0
1348, 749, 1349,1.0,-100.0
1349, 1038, 1350,1.0,-100.0
1350, 1039, 1351,1.0,-100.0
1351, 423, 1352,1.0,-100.0
1352, 471, 1353,1.0,-100.0
1353, 207, 1354,1.0,-100.0
1354, 856, 1355,1.0,-100.0
1355, 1040, 1355,1.0,-25.0
1355, 2, 1355,1.0,-25.0
1355, 697, 1355,1.0,-25.0
1355, 1041, 1356,1.0,-25.0
1356, 1042, 1357,1.0,-100.0
1357, 418, 1358,1.0,-100.0
1358, 1026, 1359,1.0,-100.0
1359, 1043, 1360,1.0,-100.0
1360, 1044, 1360,1.0,-50.0
1360, 1045, 1361,1.0,-50.0
1361, 1046, 1362,1.0,-100.0
1362, 1047, 1363,1.0,-100.0
1363, 1048, 1364,1.0,-100.0
1365, 0, 1366,1.0,-100.0
1366, 1050, 1367,1.0,-100.0
1367, 1051, 1368,1.0,-100.0
1368, 1052, 1369,1.0,-100.0
1369, 1053, 1370,1.0,-100.0
1370, 1054, 1371,1.0,-100.0
1371, 1055, 1372,1.0,-100.0
1372, 1056, 1373,1.0,-100.0
1373, 1057, 1374,1.0,-100.0
1374, 1058, 1375,1.0,-100.0
1375, 1059, 1376,1.0,-100.0
1376, 1060, 1377,1.0,-100.0
1378, 0, 1379,1.0,-100.0
1379, 971, 1380,1.0,-100.0
1380, 1061, 1381,1.0,-100.0
1381, 1062, 1382,1.0,-100.0
1382, 1063, 1383,1.0,-100.0
1383, 1064, 1384,1.0,-100.0
1384, 1064, 1385,1.0,-100.0
1385, 1065, 1386,1.0,-100.0
1386, 1066, 1387,1.0,-100.0
1387, 1067, 1388,1.0,-100.0
1388, 1068, 1389,1.0,-100.0
1389, 1000, 1390,1.0,-100.0
1391, 0, 1392,1.0,-100.0
1392, 1069, 1393,1.0,-100.0
1393, 263, 1394,1.0,-100.0
1394, 1070, 1395,1.0,-100.0
1395, 1071, 1396,1.0,-100.0
1396, 1072, 1397,1.0,-100.0
1397, 1073, 1398,1.0,-100.0
1398, 753, 1399,1.0,-100.0
1399, 600, 1400,1.0,-100.0
1400, 1074, 1401,1.0,-100.0
1401, 1075, 1402,1.0,-100.0
1402, 1076, 1403,1.0,-100.0
1403, 1077, 1404,1.0,-100.0
1404, 1056, 1405,1.0,-100.0
1405, 1056, 1406,1.0,-100.0
1406, 1078, 1407,1.0,-100.0
1407, 1079, 1408,1.0,-100.0
1408, 1080, 1409,1.0,-100.0
1410, 0, 1411,1.0,-100.0
1411, 1082, 1412,1.0,-100.0
1412, 1083, 1413,1.0,-100.0
1413, 1084, 1414,1.0,-100.0
1414, 1085, 1415,1.0,-100.0
1415, 1086, 1416,1.0,-100.0
1416, 939, 1417,1.0,-100.0
1417, 1087, 1417,1.0,-33.33333333333333
1417, 1088, 1417,1.0,-33.33333333333333
1417, 1089, 1418,1.0,-33.33333333333333
1418, 854, 1419,1.0,-100.0
1419, 1090, 1420,1.0,-100.0
1420, 1091, 1420,1.0,-50.0
1420, 1088, 1421,1.0,-50.0
1421, 258, 1422,1.0,-100.0
1422, 990, 1423,1.0,-100.0
1423, 374, 1424,1.0,-100.0
1424, 1092, 1425,1.0,-100.0
1425, 1093, 1426,1.0,-100.0
1426, 1092, 1426,1.0,-50.0
1426, 876, 1427,1.0,-50.0
1427, 97, 1428,1.0,-100.0
1428, 1051, 1429,1.0,-100.0
1429, 1094, 1430,1.0,-100.0
1430, 1095, 1430,1.0,-50.0
1430, 1096, 1431,1.0,-50.0
1431, 97, 1432,1.0,-100.0
1433, 0, 1434,1.0,-100.0
1434, 1098, 1435,1.0,-100.0
1435, 497, 1436,1.0,-100.0
1436, 1099, 1437,1.0,-100.0
1437, 1100, 1438,1.0,-100.0
1438, 1101, 1439,1.0,-100.0
1439, 1056, 1440,1.0,-100.0
1440, 780, 1441,1.0,-100.0
1441, 1102, 1442,1.0,-100.0
1442, 1103, 1443,1.0,-100.0
1443, 163, 1444,1.0,-100.0
1444, 869, 1445,1.0,-100.0
1445, 1104, 1446,1.0,-100.0
1446, 967, 1447,1.0,-100.0
1447, 1105, 1448,1.0,-100.0
1448, 1106, 1449,1.0,-100.0
1449, 1107, 1450,1.0,-100.0
1450, 390, 1451,1.0,-100.0
1451, 1108, 1452,1.0,-100.0
1452, 180, 1453,1.0,-100.0
1453, 801, 1454,1.0,-100.0
1454, 876, 1455,1.0,-100.0
1455, 1109, 1456,1.0,-100.0
1456, 1110, 1457,1.0,-100.0
1457, 1111, 1458,1.0,-100.0
1458, 1112, 1459,1.0,-100.0
1459, 751, 1460,1.0,-100.0
1460, 163, 1461,1.0,-100.0
1461, 1113, 1462,1.0,-100.0
1462, 1054, 1463,1.0,-100.0
1463, 1114, 1464,1.0,-100.0
1464, 1115, 1465,1.0,-100.0
1465, 1054, 1466,1.0,-100.0
1466, 909, 1467,1.0,-100.0
1467, 1116, 1468,1.0,-100.0
1468, 1117, 1468,1.0,-50.0
1468, 1115, 1469,1.0,-50.0
1469, 1118, 1470,1.0,-100.0
1470, 1119, 1471,1.0,-100.0
1471, 1119, 1471,1.0,-33.33333333333333
1471, 1120, 1471,1.0,-33.33333333333333
1471, 1121, 1472,1.0,-33.33333333333333
1472, 1056, 1473,1.0,-100.0
1473, 1117, 1474,1.0,-100.0
1474, 1117, 1475,1.0,-100.0
1475, 1056, 1476,1.0,-100.0
1476, 1117, 1476,1.0,-33.33333333333333
1476, 1122, 1477,1.0,-33.33333333333333
1477, 1123, 1476,1.0,-100.0
1476, 1056, 1476,1.0,-33.33333333333333
1478, 0, 1479,1.0,-100.0
1479, 1124, 1480,1.0,-100.0
1480, 1125, 1481,1.0,-100.0
1481, 326, 1482,1.0,-100.0
1482, 1126, 1483,1.0,-100.0
1483, 736, 1484,1.0,-100.0
1484, 312, 1485,1.0,-100.0
1485, 246, 1486,1.0,-100.0
1486, 720, 1487,1.0,-100.0
1487, 705, 1488,1.0,-100.0
1488, 1127, 1489,1.0,-100.0
1489, 1128, 1490,1.0,-100.0
1490, 1129, 1491,1.0,-100.0
1491, 1130, 1492,1.0,-100.0
1492, 1131, 1492,1.0,-33.33333333333333
1492, 718, 1493,1.0,-33.33333333333333
1493, 723, 1492,1.0,-50.0
1492, 1132, 1493,1.0,-33.33333333333333
1493, 1133, 1494,1.0,-50.0
1494, 699, 1495,1.0,-100.0
1495, 718, 1496,1.0,-33.33333333333333
1496, 432, 1495,1.0,-100.0
1495, 1029, 1495,1.0,-33.33333333333333
1495, 1134, 1497,1.0,-33.33333333333333
1497, 1135, 1497,1.0,-50.0
1497, 326, 1498,1.0,-50.0
1498, 133, 1498,1.0,-33.33333333333333
1498, 602, 1498,1.0,-33.33333333333333
1498, 1133, 1499,1.0,-33.33333333333333
1499, 1136, 1499,1.0,-50.0
1499, 1137, 1500,1.0,-50.0
1500, 133, 1501,1.0,-33.33333333333333
1501, 699, 1502,1.0,-100.0
1502, 529, 1503,1.0,-100.0
1503, 1045, 1504,1.0,-100.0
1504, 602, 1505,1.0,-25.0
1505, 347, 1504,1.0,-100.0
1504, 213, 1506,1.0,-25.0
1506, 348, 1506,1.0,-33.33333333333333
1506, 1138, 1504,1.0,-33.33333333333333
1504, 1132, 1507,1.0,-25.0
1507, 1139, 1504,1.0,-100.0
1504, 338, 1506,1.0,-25.0
1506, 730, 1508,1.0,-33.33333333333333
1508, 214, 1508,1.0,-50.0
1508, 1140, 1500,1.0,-50.0
1500, 1141, 1509,1.0,-33.33333333333333
1509, 1132, 1500,1.0,-100.0
1500, 1142, 1510,1.0,-33.33333333333333
1510, 1131, 1510,1.0,-100.0
1511, 0, 1512,1.0,-100.0
1512, 1091, 1513,1.0,-100.0
1513, 1144, 1514,1.0,-100.0
1514, 1145, 1515,1.0,-100.0
1515, 1146, 1516,1.0,-100.0
1516, 1147, 1517,1.0,-100.0
1517, 1148, 1518,1.0,-100.0
1518, 53, 1519,1.0,-100.0
1519, 978, 1520,1.0,-100.0
1520, 265, 1521,1.0,-100.0
1521, 1149, 1522,1.0,-100.0
1522, 805, 1523,1.0,-100.0
1523, 1149, 1524,1.0,-100.0
1524, 931, 1525,1.0,-100.0
1525, 1150, 1526,1.0,-100.0
1526, 1150, 1527,1.0,-100.0
1528, 0, 1529,1.0,-100.0
1529, 1151, 1530,1.0,-100.0
1530, 1152, 1531,1.0,-100.0
1531, 1153, 1532,1.0,-100.0
1532, 1154, 1533,1.0,-100.0
1533, 1155, 1534,1.0,-100.0
1534, 1156, 1535,1.0,-100.0
1535, 964, 1536,1.0,-100.0
1536, 808, 1537,1.0,-100.0
1537, 1157, 1538,1.0,-100.0
1538, 1158, 1539,1.0,-100.0
1540, 0, 1541,1.0,-100.0
1541, 1160, 1542,1.0,-100.0
1542, 1161, 1543,1.0,-100.0
1543, 1162, 1544,1.0,-100.0
1544, 1163, 1545,1.0,-100.0
1545, 138, 1546,1.0,-100.0
1546, 1164, 1547,1.0,-100.0
1547, 1165, 1548,1.0,-100.0
1548, 471, 1549,1.0,-100.0
1549, 1103, 1550,1.0,-100.0
1550, 1166, 1551,1.0,-100.0
1551, 1167, 1552,1.0,-100.0
1552, 978, 1553,1.0,-100.0
1553, 1168, 1554,1.0,-100.0
1554, 94, 1555,1.0,-100.0
1555, 1169, 1556,1.0,-100.0
1556, 1170, 1557,1.0,-100.0
1557, 297, 1558,1.0,-100.0
1558, 1171, 1559,1.0,-100.0
1559, 1172, 1560,1.0,-100.0
1560, 1173, 1561,1.0,-100.0
1561, 1174, 1562,1.0,-100.0
1562, 1175, 1563,1.0,-100.0
1563, 1176, 1564,1.0,-100.0
1565, 0, 1566,1.0,-100.0
1566, 1177, 1567,1.0,-100.0
1567, 1178, 1568,1.0,-100.0
1568, 684, 1569,1.0,-100.0
1569, 1179, 1570,1.0,-100.0
1570, 1180, 1571,1.0,-100.0
1571, 1181, 1572,1.0,-100.0
1572, 1182, 1572,1.0,-20.0
1572, 1183, 1572,1.0,-40.0
1572, 683, 1572,0.5,-40.0
1572, 683, 1573,0.5,-40.0
1573, 718, 1574,1.0,-100.0
1574, 721, 1575,1.0,-100.0
1576, 0, 1577,1.0,-100.0
1577, 1133, 1578,1.0,-100.0
1578, 777, 1579,1.0,-100.0
1579, 1184, 1580,1.0,-100.0
1580, 1179, 1581,1.0,-100.0
1581, 1185, 1582,1.0,-100.0
1582, 1186, 1583,1.0,-100.0
1583, 67, 1583,1.0,-50.0
1583, 1187, 1584,1.0,-50.0
1584, 1188, 1585,1.0,-50.0
1585, 306, 1584,1.0,-100.0
1584, 95, 1586,1.0,-50.0
1586, 1189, 1587,1.0,-100.0
1587, 1190, 1588,1.0,-100.0
1588, 1191, 1588,1.0,-50.0
1588, 1192, 1589,1.0,-50.0
1589, 1193, 1589,1.0,-50.0
1589, 1194, 1590,1.0,-50.0
1590, 1195, 1591,1.0,-100.0
1591, 578, 1592,1.0,-100.0
1592, 1196, 1593,1.0,-100.0
1593, 1190, 1594,1.0,-100.0
1594, 1197, 1595,1.0,-100.0
1595, 1198, 1596,1.0,-100.0
1596, 1199, 1597,1.0,-100.0
1597, 1200, 1598,1.0,-100.0
1598, 1201, 1599,1.0,-100.0
1599, 1202, 1600,1.0,-100.0
1600, 1203, 1601,1.0,-100.0
1601, 1184, 1602,1.0,-100.0
1602, 1184, 1603,1.0,-100.0
1603, 679, 1604,1.0,-100.0
1604, 1184, 1605,1.0,-100.0
1605, 949, 1606,1.0,-100.0
1606, 679, 1607,1.0,-100.0
1607, 1204, 1608,1.0,-100.0
1608, 1205, 1609,1.0,-100.0
1609, 1204, 1609,1.0,-25.0
1609, 1206, 1609,1.0,-25.0
1609, 136, 1609,1.0,-25.0
1609, 684, 1610,1.0,-25.0
1610, 699, 1611,1.0,-100.0
1611, 684, 1612,1.0,-100.0
1612, 679, 1613,1.0,-100.0
1613, 949, 1614,1.0,-100.0
1614, 720, 1614,1.0,-33.33333333333333
1614, 1207, 1614,1.0,-33.33333333333333
1614, 136, 1615,1.0,-33.33333333333333
1615, 719, 1616,1.0,-100.0
1616, 719, 1616,1.0,-100.0
1617, 0, 1618,1.0,-100.0
1618, 736, 1619,1.0,-100.0
1619, 326, 1620,1.0,-100.0
1620, 1208, 1621,1.0,-100.0
1621, 1209, 1622,1.0,-100.0
1622, 1210, 1623,1.0,-100.0
1623, 1211, 1624,1.0,-100.0
1624, 1212, 1625,1.0,-100.0
1625, 714, 1626,1.0,-100.0
1626, 294, 1627,1.0,-100.0
1627, 680, 1628,1.0,-100.0
1628, 1213, 1628,1.0,-50.0
1628, 418, 1629,1.0,-50.0
1629, 1214, 1630,1.0,-50.0
1630, 437, 1629,1.0,-100.0
1629, 1215, 1631,1.0,-50.0
1631, 1216, 1632,1.0,-100.0
1632, 195, 1633,1.0,-100.0
1633, 1217, 1634,1.0,-100.0
1634, 1218, 1634,1.0,-50.0
1634, 1219, 1635,1.0,-50.0
1635, 1220, 1635,1.0,-20.0
1635, 1221, 1635,1.0,-20.0
1635, 1222, 1635,1.0,-20.0
1635, 1223, 1635,1.0,-20.0
1635, 1224, 1636,1.0,-20.0
1636, 208, 1637,1.0,-50.0
1637, 1225, 1636,1.0,-100.0
1636, 246, 1638,1.0,-50.0
1638, 1226, 1639,1.0,-100.0
1639, 1227, 1639,1.0,-5.88235294117647
1639, 720, 1639,1.0,-5.88235294117647
1639, 684, 1639,1.0,-5.88235294117647
1639, 1228, 1639,1.0,-5.88235294117647
1639, 1229, 1639,1.0,-5.88235294117647
1639, 471, 1639,1.0,-5.88235294117647
1639, 326, 1639,1.0,-5.88235294117647
1639, 1131, 1639,0.5,-11.76470588235294
1639, 1131, 1640,0.5,-11.76470588235294
1640, 423, 1639,1.0,-100.0
1639, 1036, 1639,1.0,-5.88235294117647
1639, 1230, 1639,1.0,-5.88235294117647
1639, 949, 1641,1.0,-5.88235294117647
1641, 720, 1641,1.0,-50.0
1641, 1042, 1639,1.0,-50.0
1639, 824, 1639,1.0,-5.88235294117647
1639, 685, 1639,1.0,-5.88235294117647
1639, 310, 1639,1.0,-5.88235294117647
1639, 1231, 1639,1.0,-5.88235294117647
1639, 1232, 1639,1.0,-5.88235294117647
1642, 0, 1643,1.0,-100.0
1643, 1233, 1644,1.0,-100.0
1644, 1234, 1645,1.0,-100.0
1645, 1235, 1646,1.0,-100.0
1646, 341, 1647,1.0,-100.0
1647, 1236, 1648,1.0,-100.0
1648, 1237, 1649,1.0,-100.0
1649, 1122, 1650,1.0,-100.0
1650, 188, 1651,1.0,-100.0
1651, 1238, 1652,1.0,-100.0
1652, 1239, 1653,1.0,-100.0
1653, 1240, 1654,1.0,-100.0
1654, 1241, 1655,1.0,-100.0
1655, 188, 1656,1.0,-100.0
1656, 188, 1656,1.0,-50.0
1656, 699, 1657,1.0,-50.0
1657, 893, 1658,1.0,-100.0
1658, 893, 1659,1.0,-100.0
1659, 699, 1660,1.0,-100.0
1660, 893, 1661,1.0,-100.0
1661, 699, 1662,1.0,-100.0
1662, 1205, 1663,1.0,-100.0
1663, 1205, 1664,1.0,-100.0
1664, 1205, 1665,1.0,-100.0
1665, 1205, 1666,1.0,-100.0
1667, 0, 1668,1.0,-100.0
1668, 679, 1669,1.0,-100.0
1669, 1184, 1670,1.0,-100.0
1670, 720, 1671,1.0,-100.0
1671, 1242, 1672,1.0,-100.0
1672, 1243, 1673,1.0,-100.0
1673, 197, 1674,1.0,-100.0
1674, 406, 1675,1.0,-100.0
1675, 720, 1676,1.0,-100.0
1676, 697, 1677,1.0,-100.0
1677, 1244, 1678,1.0,-100.0
1678, 720, 1679,1.0,-100.0
1679, 1184, 1680,1.0,-100.0
1680, 1245, 1681,1.0,-100.0
1681, 312, 1682,1.0,-100.0
1682, 705, 1683,1.0,-100.0
1683, 679, 1684,1.0,-100.0
1684, 1027, 1685,1.0,-100.0
1685, 1246, 1686,1.0,-100.0
1686, 1027, 1687,1.0,-100.0
1687, 346, 1688,1.0,-100.0
1688, 1247, 1689,1.0,-100.0
1689, 1248, 1690,1.0,-100.0
1690, 1249, 1691,1.0,-100.0
1691, 1250, 1692,1.0,-100.0
1692, 1251, 1693,1.0,-100.0
1693, 707, 1694,1.0,-100.0
1694, 1252, 1695,1.0,-100.0
1695, 1253, 1696,1.0,-100.0
1696, 1254, 1697,1.0,-100.0
1697, 1254, 1698,1.0,-100.0
1698, 1254, 1698,1.0,-50.0
1698, 943, 1699,1.0,-50.0
1699, 1255, 1700,1.0,-100.0
1700, 1256, 1701,1.0,-100.0
1701, 1256, 1702,1.0,-100.0
1702, 1256, 1703,1.0,-100.0
1703, 1256, 1704,1.0,-100.0
1705, 0, 1706,1.0,-100.0
1706, 1258, 1707,1.0,-100.0
1707, 825, 1708,1.0,-100.0
1708, 705, 1709,1.0,-100.0
1709, 418, 1710,1.0,-100.0
1710, 1259, 1711,1.0,-100.0
1711, 1260, 1712,1.0,-100.0
1712, 936, 1712,1.0,-20.0
1712, 471, 1712,1.0,-20.0
1712, 1261, 1713,1.0,-20.0
1713, 1262, 1714,1.0,-33.33333333333333
1714, 1263, 1713,1.0,-100.0
1713, 742, 1713,1.0,-33.33333333333333
1713, 977, 1712,1.0,-33.33333333333333
1712, 714, 1712,1.0,-20.0
1712, 1213, 1715,1.0,-20.0
1715, 1041, 1715,1.0,-50.0
1715, 1230, 1716,1.0,-50.0
1716, 1264, 1717,1.0,-100.0
1717, 1265, 1718,1.0,-100.0
1718, 1266, 1719,1.0,-100.0
1719, 748, 1719,0.5,-100.0
1719, 748, 1720,0.5,-100.0
1720, 1213, 1720,1.0,-50.0
1720, 1267, 1721,1.0,-50.0
1721, 1213, 1721,1.0,-4.0
1721, 1268, 1721,1.0,-4.0
1721, 1269, 1721,1.0,-8.0
1721, 1270, 1721,1.0,-28.000000000000004
1721, 709, 1721,1.0,-12.0
1721, 1141, 1721,1.0,-24.0
1721, 1146, 1721,1.0,-12.0
1721, 1271, 1721,1.0,-8.0
1722, 0, 1723,1.0,-100.0
1723, 1272, 1724,1.0,-100.0
1724, 1273, 1725,1.0,-100.0
1725, 1274, 1726,1.0,-100.0
1726, 1275, 1727,1.0,-100.0
1727, 1276, 1728,1.0,-100.0
1728, 1277, 1729,1.0,-100.0
1729, 1278, 1730,1.0,-100.0
1730, 1279, 1731,1.0,-100.0
1731, 1280, 1732,1.0,-100.0
1732, 1281, 1733,1.0,-100.0
1733, 1282, 1734,1.0,-100.0
1734, 1283, 1735,1.0,-25.0
1735, 609, 1736,1.0,-33.33333333333333
1736, 201, 1736,1.0,-10.0
1736, 1284, 1735,0.5,-20.0
1735, 118, 1734,1.0,-33.33333333333333
1734, 1285, 1736,1.0,-25.0
1736, 1277, 1736,1.0,-10.0
1736, 1284, 1736,0.5,-20.0
1736, 1286, 1736,1.0,-10.0
1736, 1287, 1736,1.0,-10.0
1736, 1288, 1736,1.0,-10.0
1736, 609, 1736,1.0,-10.0
1736, 1289, 1736,1.0,-10.0
1736, 211, 1737,1.0,-10.0
1737, 1286, 1738,1.0,-100.0
1738, 1290, 1735,1.0,-100.0
1735, 1291, 1734,1.0,-33.33333333333333
1734, 1291, 1734,1.0,-25.0
1734, 1284, 1739,1.0,-25.0
1739, 1290, 1740,1.0,-100.0
1740, 609, 1741,1.0,-100.0
1741, 608, 1742,1.0,-100.0
1742, 608, 1743,1.0,-33.33333333333333
1743, 211, 1744,1.0,-33.33333333333333
1744, 1285, 1743,1.0,-100.0
1743, 1278, 1742,1.0,-33.33333333333333
1742, 1292, 1742,1.0,-33.33333333333333
1742, 522, 1743,1.0,-33.33333333333333
1743, 608, 1745,1.0,-33.33333333333333
1745, 609, 1745,1.0,-50.0
1745, 1293, 1746,1.0,-50.0
1746, 1286, 1746,1.0,-25.0
1746, 1293, 1747,1.0,-50.0
1747, 1277, 1747,1.0,-33.33333333333333
1747, 1287, 1746,1.0,-33.33333333333333
1746, 118, 1746,1.0,-25.0
1747, 201, 1747,1.0,-33.33333333333333
1748, 0, 1749,1.0,-100.0
1749, 1294, 1750,1.0,-100.0
1750, 1295, 1751,1.0,-100.0
1751, 1296, 1752,1.0,-100.0
1752, 1297, 1753,1.0,-100.0
1753, 202, 1754,1.0,-100.0
1754, 510, 1755,1.0,-100.0
1755, 510, 1756,1.0,-100.0
1756, 804, 1757,1.0,-100.0
1757, 1298, 1758,1.0,-100.0
1758, 955, 1759,1.0,-100.0
1759, 931, 1760,1.0,-100.0
1760, 1299, 1761,1.0,-100.0
1761, 1300, 1762,1.0,-100.0
1762, 34, 1763,1.0,-100.0
1763, 1301, 1764,1.0,-100.0
1764, 1114, 1765,1.0,-100.0
1765, 1302, 1766,1.0,-100.0
1767, 0, 1768,1.0,-100.0
1768, 1304, 1769,1.0,-100.0
1769, 1305, 1770,1.0,-100.0
1770, 1306, 1771,1.0,-100.0
1771, 1307, 1772,1.0,-100.0
1772, 1308, 1773,1.0,-100.0
1773, 1309, 1774,1.0,-100.0
1774, 1310, 1775,1.0,-100.0
1776, 0, 1777,1.0,-100.0
1777, 28, 1778,1.0,-100.0
1778, 31, 1779,1.0,-100.0
1779, 1312, 1780,1.0,-100.0
1780, 1313, 1780,1.0,-50.0
1780, 1314, 1781,1.0,-50.0
1781, 910, 1782,1.0,-100.0
1782, 1315, 1783,1.0,-100.0
1783, 1316, 1784,1.0,-100.0
1784, 1317, 1785,1.0,-100.0
1785, 1318, 1786,1.0,-100.0
1786, 1319, 1787,1.0,-100.0
1787, 1320, 1788,1.0,-100.0
1788, 985, 1789,1.0,-100.0
1789, 811, 1790,1.0,-100.0
1790, 1321, 1791,1.0,-100.0
1791, 1322, 1792,1.0,-100.0
1792, 985, 1793,1.0,-100.0
1793, 1323, 1794,1.0,-100.0
1794, 542, 1795,1.0,-100.0
1795, 544, 1796,1.0,-100.0
1796, 1324, 1797,1.0,-100.0
1797, 1325, 1798,1.0,-100.0
1798, 1326, 1799,1.0,-100.0
1799, 1327, 1800,1.0,-100.0
1800, 910, 1801,1.0,-100.0
1801, 259, 1802,1.0,-100.0
1802, 910, 1803,1.0,-100.0
1803, 910, 1804,1.0,-100.0
1804, 910, 1804,1.0,-100.0
1805, 0, 1806,1.0,-100.0
1806, 1328, 1807,1.0,-100.0
1807, 1329, 1808,1.0,-100.0
1808, 886, 1809,1.0,-100.0
1809, 994, 1810,1.0,-100.0
1810, 994, 1811,1.0,-100.0
1811, 754, 1812,1.0,-100.0
1812, 1330, 1813,1.0,-100.0
1813, 1067, 1814,1.0,-100.0
1814, 1331, 1815,1.0,-100.0
1815, 1332, 1816,1.0,-100.0
1816, 1333, 1817,1.0,-100.0
1817, 830, 1818,1.0,-100.0
1818, 1040, 1819,1.0,-100.0
1819, 1334, 1820,1.0,-100.0
1820, 1335, 1821,1.0,-100.0
1821, 1336, 1822,1.0,-100.0
1822, 1337, 1823,1.0,-100.0
1823, 1338, 1824,1.0,-100.0
1824, 455, 1825,1.0,-100.0
1825, 1339, 1826,1.0,-100.0
1826, 779, 1827,1.0,-100.0
1827, 1340, 1828,1.0,-100.0
1828, 1341, 1829,1.0,-100.0
1829, 1342, 1830,1.0,-100.0
1830, 1341, 1831,1.0,-100.0
1832, 0, 1833,1.0,-100.0
1833, 1343, 1834,1.0,-100.0
1834, 1344, 1835,1.0,-100.0
1835, 391, 1836,1.0,-100.0
1836, 1345, 1837,1.0,-100.0
1837, 1346, 1838,1.0,-100.0
1838, 294, 1839,1.0,-100.0
1839, 719, 1840,1.0,-100.0
1840, 1317, 1841,1.0,-100.0
1841, 1347, 1842,1.0,-100.0
1842, 722, 1843,1.0,-100.0
1843, 818, 1844,1.0,-100.0
1845, 0, 1846,1.0,-100.0
1846, 1349, 1847,1.0,-100.0
1847, 1350, 1848,1.0,-100.0
1848, 1351, 1849,1.0,-100.0
1849, 911, 1850,1.0,-100.0
1850, 1352, 1851,1.0,-100.0
1851, 1353, 1852,1.0,-100.0
1852, 323, 1853,1.0,-100.0
1853, 1354, 1854,1.0,-100.0
1854, 1355, 1855,1.0,-100.0
1855, 254, 1856,1.0,-100.0
1856, 1356, 1857,1.0,-100.0
1858, 0, 1859,1.0,-100.0
1859, 1239, 1860,1.0,-100.0
1860, 1358, 1861,1.0,-100.0
1861, 1359, 1862,1.0,-100.0
1862, 406, 1863,1.0,-100.0
1863, 1280, 1864,1.0,-100.0
1864, 680, 1865,1.0,-100.0
1865, 1360, 1866,1.0,-100.0
1866, 1361, 1867,1.0,-100.0
1867, 1361, 1867,1.0,-33.33333333333333
1867, 1362, 1867,1.0,-33.33333333333333
1867, 418, 1868,1.0,-33.33333333333333
1868, 312, 1869,1.0,-100.0
1869, 1363, 1870,1.0,-100.0
1871, 0, 1872,1.0,-100.0
1872, 1364, 1873,1.0,-100.0
1873, 1365, 1874,1.0,-100.0
1874, 679, 1875,1.0,-100.0
1875, 705, 1876,1.0,-100.0
1876, 1229, 1877,1.0,-100.0
1877, 1366, 1878,1.0,-100.0
1878, 1029, 1879,1.0,-100.0
1879, 679, 1880,1.0,-100.0
1880, 705, 1881,1.0,-100.0
1881, 683, 1882,1.0,-100.0
1882, 1231, 1882,1.0,-50.0
1882, 1367, 1883,1.0,-50.0
1883, 1368, 1884,1.0,-100.0
1884, 1369, 1885,1.0,-100.0
1885, 418, 1886,1.0,-100.0
1886, 1230, 1887,1.0,-100.0
1887, 517, 1888,1.0,-100.0
1888, 1370, 1889,1.0,-100.0
1889, 684, 1890,1.0,-14.285714285714285
1890, 1371, 1889,1.0,-50.0
1889, 326, 1889,1.0,-14.285714285714285
1889, 977, 1889,1.0,-14.285714285714285
1889, 1208, 1889,1.0,-14.285714285714285
1889, 246, 1891,1.0,-14.285714285714285
1891, 1213, 1889,1.0,-100.0
1889, 949, 1890,1.0,-14.285714285714285
1890, 707, 1889,1.0,-50.0
1889, 720, 1892,1.0,-14.285714285714285
1892, 1372, 1893,1.0,-100.0
1893, 1373, 1894,1.0,-100.0
1894, 1374, 1895,1.0,-100.0
1896, 0, 1897,1.0,-100.0
1897, 1189, 1898,1.0,-100.0
1898, 1376, 1899,1.0,-100.0
1899, 1327, 1900,1.0,-100.0
1900, 1377, 1901,1.0,-100.0
1901, 1378, 1902,1.0,-100.0
1902, 1378, 1903,1.0,-100.0
1903, 1231, 1904,1.0,-100.0
1904, 333, 1905,1.0,-100.0
1905, 1379, 1906,1.0,-100.0
1906, 1380, 1907,1.0,-100.0
1907, 1381, 1908,1.0,-100.0
1908, 1382, 1909,1.0,-100.0
1909, 1131, 1910,1.0,-100.0
1911, 0, 1912,1.0,-100.0
1912, 1383, 1913,1.0,-100.0
1913, 1384, 1914,1.0,-100.0
1914, 350, 1915,1.0,-100.0
1915, 1385, 1916,1.0,-100.0
1916, 1386, 1917,1.0,-100.0
1917, 1387, 1918,1.0,-100.0
1918, 1388, 1919,1.0,-100.0
1919, 107, 1920,1.0,-100.0
1920, 1132, 1921,1.0,-100.0
1921, 358, 1922,1.0,-100.0
1922, 1389, 1923,1.0,-100.0
1923, 1390, 1924,1.0,-100.0
1924, 1391, 1925,1.0,-100.0
1925, 1392, 1926,1.0,-100.0
1926, 1393, 1926,1.0,-50.0
1926, 51, 1927,1.0,-50.0
1927, 1394, 1928,1.0,-100.0
1928, 1395, 1929,1.0,-100.0
1929, 311, 1930,1.0,-100.0
1930, 281, 1931,1.0,-100.0
1931, 1396, 1932,1.0,-100.0
1932, 369, 1933,1.0,-100.0
1933, 988, 1934,1.0,-100.0
1934, 1397, 1935,1.0,-100.0
1935, 351, 1936,1.0,-100.0
1936, 225, 1937,1.0,-100.0
1937, 1398, 1938,1.0,-100.0
1938, 1399, 1939,1.0,-100.0
1939, 1400, 1940,1.0,-100.0
1940, 1401, 1941,1.0,-100.0
1941, 1402, 1942,1.0,-100.0
1942, 656, 1943,1.0,-100.0
1943, 1403, 1943,1.0,-50.0
1943, 1404, 1944,1.0,-50.0
1944, 1405, 1945,1.0,-100.0
1945, 784, 1946,1.0,-100.0
1946, 1383, 1947,1.0,-100.0
1947, 1406, 1948,1.0,-100.0
1948, 1175, 1949,1.0,-100.0
1949, 639, 1950,1.0,-100.0
1950, 1407, 1951,1.0,-100.0
1951, 802, 1952,1.0,-100.0
1952, 1408, 1952,1.0,-50.0
1952, 1409, 1953,1.0,-50.0
1953, 1410, 1954,1.0,-100.0
1954, 1411, 1955,1.0,-100.0
1955, 1412, 1956,1.0,-100.0
1956, 1413, 1956,1.0,-50.0
1956, 1414, 1956,1.0,-50.0
1957, 0, 1958,1.0,-100.0
1958, 1415, 1959,1.0,-100.0
1959, 1416, 1960,1.0,-100.0
1960, 1417, 1961,1.0,-100.0
1961, 1027, 1962,1.0,-100.0
1962, 995, 1963,1.0,-100.0
1963, 1418, 1964,1.0,-100.0
1964, 4, 1965,1.0,-100.0
1965, 1419, 1966,1.0,-100.0
1966, 1348, 1967,1.0,-100.0
1967, 1420, 1968,1.0,-100.0
1968, 916, 1969,1.0,-100.0
1969, 1421, 1970,1.0,-100.0
1970, 199, 1971,1.0,-100.0
1971, 183, 1972,1.0,-100.0
1972, 1002, 1973,1.0,-100.0
1973, 1422, 1974,1.0,-100.0
1974, 1423, 1975,1.0,-100.0
1975, 288, 1976,1.0,-100.0
1976, 425, 1977,1.0,-100.0
1977, 1424, 1978,1.0,-100.0
1978, 1425, 1979,1.0,-100.0
1979, 1426, 1980,1.0,-100.0
1980, 1427, 1981,1.0,-100.0
1981, 1428, 1982,1.0,-100.0
1982, 1429, 1983,1.0,-100.0
1983, 1430, 1984,1.0,-100.0
1984, 1431, 1985,1.0,-100.0
1985, 1432, 1986,1.0,-100.0
1986, 520, 1987,1.0,-100.0
1987, 1433, 1988,1.0,-100.0
1988, 1434, 1989,1.0,-100.0
1989, 508, 1990,1.0,-100.0
1990, 1435, 1991,1.0,-100.0
1991, 1436, 1992,1.0,-100.0
1992, 1437, 1993,1.0,-100.0
1993, 1438, 1994,1.0,-100.0
1994, 1439, 1995,1.0,-100.0
1996, 0, 1997,1.0,-100.0
1997, 1231, 1998,1.0,-100.0
1998, 1184, 1999,1.0,-100.0
1999, 1025, 2000,1.0,-100.0
2000, 1036, 2001,1.0,-100.0
2001, 934, 2002,1.0,-100.0
2002, 1229, 2002,1.0,-33.33333333333333
2002, 736, 2003,1.0,-33.33333333333333
2003, 1441, 2002,1.0,-100.0
2002, 1442, 2004,1.0,-33.33333333333333
2004, 1443, 2005,1.0,-100.0
2005, 32, 2005,1.0,-50.0
2005, 334, 2006,1.0,-50.0
2006, 1444, 2007,1.0,-100.0
2007, 1445, 2008,1.0,-100.0
2008, 1446, 2009,1.0,-100.0
2009, 1447, 2010,1.0,-100.0
2010, 1448, 2011,1.0,-100.0
2011, 105, 2012,1.0,-100.0
2012, 1449, 2013,1.0,-100.0
2013, 697, 2014,1.0,-100.0
2014, 949, 2014,1.0,-25.0
2014, 203, 2015,1.0,-25.0
2015, 406, 2014,1.0,-100.0
2014, 1073, 2016,1.0,-25.0
2016, 1073, 2014,1.0,-100.0
2014, 720, 2017,1.0,-25.0
2017, 720, 2018,1.0,-50.0
2018, 684, 2018,1.0,-50.0
2018, 1245, 2017,1.0,-50.0
2017, 517, 2019,1.0,-50.0
2019, 517, 2019,1.0,-10.0
2019, 1362, 2019,1.0,-10.0
2019, 1450, 2019,1.0,-10.0
2019, 1042, 2019,1.0,-10.0
2019, 1451, 2019,1.0,-10.0
2019, 1452, 2020,1.0,-10.0
2020, 1452, 2021,1.0,-100.0
2021, 1453, 2019,1.0,-50.0
2019, 1454, 2019,1.0,-10.0
2019, 1455, 2019,1.0,-10.0
2019, 1456, 2022,1.0,-10.0
2022, 378, 2021,1.0,-100.0
2021, 934, 2023,1.0,-50.0
2023, 1457, 2019,1.0,-100.0
2019, 1458, 2024,1.0,-10.0
2024, 1457, 2025,1.0,-100.0
2025, 1459, 2025,1.0,-33.33333333333333
2025, 1460, 2025,1.0,-33.33333333333333
2025, 1452, 2025,1.0,-33.33333333333333
2026, 0, 2027,1.0,-100.0
2027, 1462, 2028,1.0,-100.0
2028, 29, 2029,1.0,-100.0
2029, 1463, 2030,1.0,-100.0
2030, 1464, 2031,1.0,-100.0
2031, 1465, 2032,1.0,-100.0
2032, 755, 2033,1.0,-100.0
2033, 1466, 2034,1.0,-100.0
2034, 1467, 2035,1.0,-100.0
2035, 1468, 2036,1.0,-100.0
2036, 1469, 2037,1.0,-100.0
2037, 1470, 2038,1.0,-100.0
2038, 262, 2039,1.0,-100.0
2039, 1471, 2040,1.0,-100.0
2040, 1376, 2041,1.0,-100.0
2041, 663, 2042,1.0,-100.0
2042, 1472, 2043,1.0,-100.0
2043, 1473, 2044,1.0,-100.0
2044, 1474, 2045,1.0,-100.0
2045, 1475, 2046,1.0,-100.0
2046, 31, 2047,1.0,-100.0
2047, 594, 2048,1.0,-100.0
2048, 844, 2049,1.0,-100.0
2049, 1476, 2050,1.0,-100.0
